Year,Name,PP,DD,MM,FF,Mode,Ch,Movie,Nom,Pic,Dir,Aml,Afl,PrN,PrW,PrNl,PrWl,Gdr,Gmc,Gd,Gm1,Gm2,Gf1,Gf2,PGA,DGA,SAM,SAF,Age,Length,Days
2007,Atonement,1,0,0,0,1,2,Atonement,7,1,0,0,0,0,0,0,0,1,0,0,0,0,0,0,0,0,0,0,0,130,51
2007,Juno,1,0,0,0,2,2,Juno,4,1,1,0,1,0,0,0,0,0,0,0,0,0,0,0,0,0,0,0,0,96,61
2007,Clayton,1,0,0,0,3,2,Clayton,7,1,1,1,0,0,0,0,0,0,0,0,0,0,0,0,0,0,0,0,0,119,135
2007,Country,1,0,0,0,4,1,Country,8,1,1,0,0,0,0,0,0,0,0,0,0,0,0,0,1,0,0,0,0,122,95
2007,Blood,1,0,0,0,5,2,Blood,8,1,1,1,0,0,0,0,0,0,0,0,0,0,0,0,0,0,0,0,0,158,44
2007,Schnabel,0,1,0,0,1,2,Diving,1,0,1,0,0,0,0,0,0,0,0,1,0,0,0,0,0,0,0,0,0,0,0
2007,Reitman,0,1,0,0,2,2,Juno,4,1,1,0,1,0,0,0,0,0,0,0,0,0,0,0,0,0,0,0,0,0,0
2007,Gilroy,0,1,0,0,3,2,Clayton,7,1,1,1,0,0,0,0,0,0,0,0,0,0,0,0,0,0,0,0,0,0,0
2007,Coens,0,1,0,0,4,1,Country,8,1,1,0,0,1,0,0,0,0,0,0,0,0,0,0,0,1,0,0,0,0,0
2007,Anderson,0,1,0,0,5,2,Blood,8,1,1,1,0,0,0,0,0,0,0,0,0,0,0,0,0,0,0,0,0,0,0
2007,Clooney,0,0,1,0,1,2,Clayton,7,1,1,1,0,1,1,0,0,0,0,0,0,0,0,0,0,0,0,0,46,0,0
2007,DayLewis,0,0,1,0,2,1,Blood,8,1,1,1,0,3,1,3,1,0,0,0,1,0,0,0,0,0,1,0,50,0,0
2007,Depp,0,0,1,0,3,2,Sweeney,3,0,0,1,0,2,0,2,0,0,0,0,0,1,0,0,0,0,0,0,44,0,0
2007,Jones,0,0,1,0,4,2,Valley,1,0,0,1,0,2,1,0,0,0,0,0,0,0,0,0,0,0,0,0,61,0,0
2007,Mortensen,0,0,1,0,5,2,Eastern,1,0,0,1,0,0,0,0,0,0,0,0,0,0,0,0,0,0,0,0,49,0,0
2007,Blanchett,0,0,0,1,1,2,Elizabeth,2,0,0,0,1,3,1,1,0,0,0,0,0,0,0,0,0,0,0,0,38,0,0
2007,Christie,0,0,0,1,2,2,Away,2,0,0,0,1,3,1,3,1,0,0,0,0,0,1,0,0,0,0,1,66,0,0
2007,Cotillard,0,0,0,1,3,1,Vie,3,0,0,0,1,0,0,0,0,0,0,0,0,0,0,1,0,0,0,0,32,0,0
2007,Linney,0,0,0,1,4,2,Savages,2,0,0,0,1,2,0,1,0,0,0,0,0,0,0,0,0,0,0,0,43,0,0
2007,Page,0,0,0,1,5,2,Juno,4,1,1,0,1,0,0,0,0,0,0,0,0,0,0,0,0,0,0,0,20,0,0
2006,Babel,1,0,0,0,1,2,Babel,7,1,1,0,0,0,0,0,0,1,0,0,0,0,0,0,0,0,0,0,0,142,121
2006,Departed,1,0,0,0,2,1,Departed,5,1,1,0,0,0,0,0,0,0,0,0,0,0,0,0,0,0,0,0,0,151,142
2006,Letters,1,0,0,0,3,2,Letters,4,1,1,0,0,0,0,0,0,0,0,0,0,0,0,0,0,0,0,0,0,140,67
2006,Sunshine,1,0,0,0,4,2,Sunshine,4,1,0,0,0,0,0,0,0,0,0,0,0,0,0,0,1,0,0,0,0,101,214
2006,Queen,1,0,0,0,5,2,Queen,6,1,1,0,1,0,0,0,0,0,0,0,0,0,0,0,0,0,0,0,0,97,148
2006,Eastwood,0,1,0,0,1,2,Letters,4,1,1,0,0,3,2,0,0,0,0,0,0,0,0,0,0,0,0,0,0,0,0
2006,Frears,0,1,0,0,2,2,Queen,6,1,1,0,1,1,0,0,0,0,0,0,0,0,0,0,0,0,0,0,0,0,0
2006,Greengrass,0,1,0,0,3,2,United93,2,0,1,0,0,0,0,0,0,0,0,0,0,0,0,0,0,0,0,0,0,0,0
2006,Inarritu,0,1,0,0,4,2,Babel,7,1,1,0,0,0,0,0,0,0,0,0,0,0,0,0,0,0,0,0,0,0,0
2006,Scorsese,0,1,0,0,5,1,Departed,5,1,1,0,0,5,0,0,0,0,0,1,0,0,0,0,0,1,0,0,0,0,0
2006,DiCaprio,0,0,1,0,1,2,Diamond,5,0,0,1,0,2,0,1,0,0,0,0,0,0,0,0,0,0,0,0,32,0,0
2006,Gosling,0,0,1,0,2,2,Nelson,1,0,0,1,0,0,0,0,0,0,0,0,0,0,0,0,0,0,0,0,26,0,0
2006,OToole,0,0,1,0,3,2,Venus,1,0,0,1,0,7,0,7,0,0,0,0,0,0,0,0,0,0,0,0,74,0,0
2006,SmithW,0,0,1,0,4,2,Happyness,1,0,0,1,0,1,0,1,0,0,0,0,0,0,0,0,0,0,0,0,38,0,0
2006,Whitaker,0,0,1,0,5,1,Scotland,1,0,0,1,0,0,0,0,0,0,0,0,1,0,0,0,0,0,1,0,45,0,0
2006,Cruz,0,0,0,1,1,2,Volver,1,0,0,0,1,0,0,0,0,0,0,0,0,0,0,0,0,0,0,0,32,0,0
2006,Dench,0,0,0,1,2,2,Scandal,4,0,0,0,1,5,1,3,0,0,0,0,0,0,0,0,0,0,0,0,72,0,0
2006,Mirren,0,0,0,1,3,1,Queen,6,1,1,0,1,2,0,0,0,0,0,0,0,0,1,0,0,0,0,1,61,0,0
2006,Streep,0,0,0,1,4,2,Prada,2,0,0,0,1,13,2,10,1,0,0,0,0,0,0,1,0,0,0,0,57,0,0
2006,Winslet,0,0,0,1,5,2,Children,3,0,0,0,1,4,0,2,0,0,0,0,0,0,0,0,0,0,0,0,31,0,0
2005,Brokeback,1,0,0,0,1,2,Brokeback,8,1,1,1,0,0,0,0,0,1,0,0,0,0,0,0,1,0,0,0,0,134,95
2005,Capote,1,0,0,0,2,2,Capote,5,1,1,1,0,0,0,0,0,0,0,0,0,0,0,0,0,0,0,0,0,114,156
2005,Crash,1,0,0,0,3,1,Crash,6,1,1,0,0,0,0,0,0,0,0,0,0,0,0,0,0,0,0,0,0,113,303
2005,Goodnight,1,0,0,0,4,2,Goodnight,6,1,1,1,0,0,0,0,0,0,0,0,0,0,0,0,0,0,0,0,0,93,149
2005,Munich,1,0,0,0,5,2,Munich,5,1,1,0,0,0,0,0,0,0,0,0,0,0,0,0,0,0,0,0,0,164,72
2005,Clooney,0,1,0,0,1,2,Goodnight,6,1,1,1,0,0,0,0,0,0,0,0,0,0,0,0,0,0,0,0,0,0,0
2005,Haggis,0,1,0,0,2,2,Crash,6,1,1,0,0,0,0,0,0,0,0,0,0,0,0,0,0,0,0,0,0,0,0
2005,Lee,0,1,0,0,3,1,Brokeback,8,1,1,1,0,1,0,0,0,0,0,1,0,0,0,0,0,1,0,0,0,0,0
2005,Miller,0,1,0,0,4,2,Capote,5,1,1,1,0,0,0,0,0,0,0,0,0,0,0,0,0,0,0,0,0,0,0
2005,Spielberg,0,1,0,0,5,2,Munich,5,1,1,0,0,5,2,0,0,0,0,0,0,0,0,0,0,0,0,0,0,0,0
2005,HoffmanPS,0,0,1,0,1,1,Capote,5,1,1,1,0,0,0,0,0,0,0,0,1,0,0,0,0,0,1,0,38,0,0
2005,HowardT,0,0,1,0,2,2,Hustle,2,0,0,1,0,0,0,0,0,0,0,0,0,0,0,0,0,0,0,0,36,0,0
2005,Ledger,0,0,1,0,3,2,Brokeback,8,1,1,1,0,0,0,0,0,0,0,0,0,0,0,0,0,0,0,0,26,0,0
2005,Phoenix,0,0,1,0,4,2,Walk,5,0,0,1,1,1,0,0,0,0,0,0,0,1,0,0,0,0,0,0,31,0,0
2005,Strathairn,0,0,1,0,5,2,Goodnight,6,1,1,1,0,0,0,0,0,0,0,0,0,0,0,0,0,0,0,0,56,0,0
2005,Dench,0,0,0,1,1,2,Henderson,2,0,0,0,1,4,1,2,0,0,0,0,0,0,0,0,0,0,0,0,71,0,0
2005,Huffman,0,0,0,1,2,2,Transamerica,2,0,0,0,1,0,0,0,0,0,0,0,0,0,1,0,0,0,0,0,43,0,0
2005,Knightley,0,0,0,1,3,2,Pride,4,0,0,0,1,0,0,0,0,0,0,0,0,0,0,0,0,0,0,0,20,0,0
2005,Theron,0,0,0,1,4,2,North,2,0,0,0,1,1,1,1,1,0,0,0,0,0,0,0,0,0,0,0,30,0,0
2005,Witherspoon,0,0,0,1,5,1,Walk,5,0,0,1,1,0,0,0,0,0,0,0,0,0,0,1,0,0,0,1,29,0,0
2004,Aviator,1,0,0,0,1,2,Aviator,11,1,1,1,0,0,0,0,0,1,0,0,0,0,0,0,1,0,0,0,0,170,75
2004,Neverland,1,0,0,0,2,2,Neverland,7,1,0,1,0,0,0,0,0,0,0,0,0,0,0,0,0,0,0,0,0,106,107
2004,Million,1,0,0,0,3,1,Million,7,1,1,1,1,0,0,0,0,0,0,0,0,0,0,0,0,0,0,0,0,132,74
2004,Ray,1,0,0,0,4,2,Ray,6,1,1,1,0,0,0,0,0,0,0,0,0,0,0,0,0,0,0,0,0,152,131
2004,Sideways,1,0,0,0,5,2,Sideways,5,1,1,0,0,0,0,0,0,0,1,0,0,0,0,0,0,0,0,0,0,123,138
2004,Eastwood,0,1,0,0,1,1,Million,7,1,1,1,1,2,1,0,0,0,0,1,0,0,0,0,0,1,0,0,0,0,0
2004,Hackford,0,1,0,0,2,2,Ray,6,1,1,1,0,0,0,0,0,0,0,0,0,0,0,0,0,0,0,0,0,0,0
2004,Leigh,0,1,0,0,3,2,Vera,3,0,1,0,1,1,0,0,0,0,0,0,0,0,0,0,0,0,0,0,0,0,0
2004,Payne,0,1,0,0,4,2,Sideways,5,1,1,0,0,0,0,0,0,0,0,0,0,0,0,0,0,0,0,0,0,0,0
2004,Scorsese,0,1,0,0,5,2,Aviator,11,1,1,1,0,4,0,0,0,0,0,0,0,0,0,0,0,0,0,0,0,0,0
2004,Cheadle,0,0,1,0,1,2,Rwanda,3,0,0,1,0,0,0,0,0,0,0,0,0,0,0,0,0,0,0,0,40,0,0
2004,Depp,0,0,1,0,2,2,Neverland,7,1,0,1,0,1,0,1,0,0,0,0,0,0,0,0,0,0,0,0,41,0,0
2004,DiCaprio,0,0,1,0,3,2,Aviator,11,1,1,1,0,1,0,0,0,0,0,0,1,0,0,0,0,0,0,0,30,0,0
2004,Eastwood,0,0,1,0,4,2,Million,7,1,1,1,1,1,0,1,0,0,0,0,0,0,0,0,0,0,0,0,74,0,0
2004,Foxx,0,0,1,0,5,1,Ray,6,1,1,1,0,0,0,0,0,0,0,0,0,1,0,0,0,0,1,0,37,0,0
2004,Bening,0,0,0,1,1,2,Julia,1,0,0,0,1,2,0,1,0,0,0,0,0,0,0,1,0,0,0,0,46,0,0
2004,Moreno,0,0,0,1,2,2,Maria,1,0,0,0,1,0,0,0,0,0,0,0,0,0,0,0,0,0,0,0,23,0,0
2004,Staunton,0,0,0,1,3,2,Vera,3,0,1,0,1,0,0,0,0,0,0,0,0,0,0,0,0,0,0,0,48,0,0
2004,Swank,0,0,0,1,4,1,Million,7,1,1,1,1,1,1,1,1,0,0,0,0,0,1,0,0,0,0,1,30,0,0
2004,Winslet,0,0,0,1,5,2,Eternal,2,0,0,0,1,3,0,1,0,0,0,0,0,0,0,0,0,0,0,0,29,0,0
2003,Lost,1,0,0,0,1,2,Lost,4,1,1,1,0,0,0,0,0,0,1,0,0,0,0,0,0,0,0,0,0,102,149
2003,Master,1,0,0,0,2,2,Master,10,1,1,0,0,0,0,0,0,0,0,0,0,0,0,0,0,0,0,0,0,138,107
2003,Mystic,1,0,0,0,3,2,Mystic,6,1,1,1,0,0,0,0,0,0,0,0,0,0,0,0,0,0,0,0,0,137,137
2003,Return,1,0,0,0,4,1,Return,11,1,1,0,0,0,0,0,0,1,0,0,0,0,0,0,1,0,0,0,0,201,74
2003,Seabiscuit,1,0,0,0,5,2,Seabiscuit,7,1,0,0,0,0,0,0,0,0,0,0,0,0,0,0,0,0,0,0,0,141,219
2003,CoppolaS,0,1,0,0,1,2,Lost,4,1,1,1,0,0,0,0,0,0,0,0,0,0,0,0,0,0,0,0,0,0,0
2003,Eastwood,0,1,0,0,2,2,Mystic,6,1,1,1,0,1,1,0,0,0,0,0,0,0,0,0,0,0,0,0,0,0,0
2003,Jackson,0,1,0,0,3,1,Return,11,1,1,0,0,1,0,0,0,0,0,1,0,0,0,0,0,1,0,0,0,0,0
2003,LundMeirelles,0,1,0,0,4,2,City,4,0,1,0,0,0,0,0,0,0,0,0,0,0,0,0,0,0,0,0,0,0,0
2003,Weir,0,1,0,0,5,2,Master,10,1,1,0,0,3,0,0,0,0,0,0,0,0,0,0,0,0,0,0,0,0,0
2003,Depp,0,0,1,0,1,2,Pirates,5,0,0,1,0,0,0,0,0,0,0,0,0,0,0,0,0,0,1,0,40,0,0
2003,Kingsley,0,0,1,0,2,2,House,3,0,0,1,0,3,1,1,1,0,0,0,0,0,0,0,0,0,0,0,60,0,0
2003,Law,0,0,1,0,3,2,Cold,7,0,0,1,0,1,0,0,0,0,0,0,0,0,0,0,0,0,0,0,31,0,0
2003,Murray,0,0,1,0,4,2,Lost,4,1,1,1,0,0,0,0,0,0,0,0,0,1,0,0,0,0,0,0,53,0,0
2003,Penn,0,0,1,0,5,1,Mystic,6,1,1,1,0,3,0,3,0,0,0,0,1,0,0,0,0,0,0,0,43,0,0
2003,Castle-Hughes,0,0,0,1,1,2,Whale,1,0,0,0,1,0,0,0,0,0,0,0,0,0,0,0,0,0,0,0,13,0,0
2003,Keaton,0,0,0,1,2,2,Something,1,0,0,0,1,3,1,3,1,0,0,0,0,0,0,1,0,0,0,0,57,0,0
2003,Morton,0,0,0,1,3,2,America,3,0,0,0,1,1,0,0,0,0,0,0,0,0,0,0,0,0,0,0,26,0,0
2003,Theron,0,0,0,1,4,1,Monster,1,0,0,0,1,0,0,0,0,0,0,0,0,0,1,0,0,0,0,1,28,0,0
2003,Watts,0,0,0,1,5,2,Twentyone,2,0,0,0,1,0,0,0,0,0,0,0,0,0,0,0,0,0,0,0,35,0,0
2002,Chicago,1,0,0,0,1,1,Chicago,13,1,1,0,1,0,0,0,0,0,1,0,0,0,0,0,1,0,0,0,0,113,58
2002,Gangs,1,0,0,0,2,2,Gangs,10,1,1,1,0,0,0,0,0,0,0,0,0,0,0,0,0,0,0,0,0,166,93
2002,Hours,1,0,0,0,3,2,Hours,9,1,1,0,1,0,0,0,0,1,0,0,0,0,0,0,0,0,0,0,0,114,58
2002,Pianist,1,0,0,0,4,2,Pianist,7,1,1,1,0,0,0,0,0,0,0,0,0,0,0,0,0,0,0,0,0,150,79
2002,Towers,1,0,0,0,5,2,Towers,6,1,0,0,0,0,0,0,0,0,0,0,0,0,0,0,0,0,0,0,0,179,95
2002,Almodovar,0,1,0,0,1,2,Talk,2,0,1,0,0,0,0,0,0,0,0,0,0,0,0,0,0,0,0,0,0,0,0
2002,Daldry,0,1,0,0,2,2,Hours,9,1,1,0,1,1,0,0,0,0,0,0,0,0,0,0,0,0,0,0,0,0,0
2002,Marshall,0,1,0,0,3,2,Chicago,13,1,1,0,1,0,0,0,0,0,0,0,0,0,0,0,0,1,0,0,0,0,0
2002,Polanski,0,1,0,0,4,1,Pianist,7,1,1,1,0,2,0,0,0,0,0,0,0,0,0,0,0,0,0,0,0,0,0
2002,Scorsese,0,1,0,0,5,2,Gangs,10,1,1,1,0,3,0,0,0,0,0,1,0,0,0,0,0,0,0,0,0,0,0
2002,Brody,0,0,1,0,1,1,Pianist,7,1,1,1,0,0,0,0,0,0,0,0,0,0,0,0,0,0,0,0,29,0,0
2002,Cage,0,0,1,0,2,2,Adaptation,4,0,0,1,0,1,1,1,1,0,0,0,0,0,0,0,0,0,0,0,38,0,0
2002,Caine,0,0,1,0,3,2,Quiet,1,0,0,1,0,5,2,3,0,0,0,0,0,0,0,0,0,0,0,0,69,0,0
2002,DayLewis,0,0,1,0,4,2,Gangs,10,1,1,1,0,2,1,2,1,0,0,0,0,0,0,0,0,0,1,0,45,0,0
2002,Nicholson,0,0,1,0,5,2,Schmidt,2,0,0,1,0,11,3,7,2,0,0,0,1,0,0,0,0,0,0,0,65,0,0
2002,Hayek,0,0,0,1,1,2,Frida,6,0,0,0,1,0,0,0,0,0,0,0,0,0,0,0,0,0,0,0,36,0,0
2002,Kidman,0,0,0,1,2,1,Hours,9,1,1,0,1,1,0,1,0,0,0,0,0,0,1,0,0,0,0,0,35,0,0
2002,Lane,0,0,0,1,3,2,Unfaithful,1,0,0,0,1,0,0,0,0,0,0,0,0,0,0,0,0,0,0,0,37,0,0
2002,MooreJ,0,0,0,1,4,2,Heaven,4,0,0,0,1,2,0,1,0,0,0,0,0,0,0,0,0,0,0,0,42,0,0
2002,Zellweger,0,0,0,1,5,2,Chicago,13,1,1,0,1,1,0,1,0,0,0,0,0,0,0,1,0,0,0,1,33,0,0
2001,Beautiful,1,0,0,0,1,1,Beautiful,8,1,1,1,0,0,0,0,0,1,0,0,0,0,0,0,0,0,0,0,0,135,79
2001,Bedroom,1,0,0,0,2,2,Bedroom,5,1,0,1,1,0,0,0,0,0,0,0,0,0,0,0,0,0,0,0,0,130,89
2001,Fellowship,1,0,0,0,3,2,Fellowship,13,1,1,0,0,0,0,0,0,0,0,0,0,0,0,0,0,0,0,0,0,178,95
2001,Gosford,1,0,0,0,4,2,Gosford,7,1,1,0,0,0,0,0,0,0,0,0,0,0,0,0,0,0,0,0,0,137,79
2001,Moulin,1,0,0,0,5,2,Moulin,8,1,0,0,1,0,0,0,0,0,1,0,0,0,0,0,1,0,0,0,0,127,296
2001,Altman,0,1,0,0,1,2,Gosford,7,1,1,0,0,4,0,0,0,0,0,1,0,0,0,0,0,0,0,0,0,0,0
2001,HowardR,0,1,0,0,2,1,Beautiful,8,1,1,1,0,0,0,0,0,0,0,0,0,0,0,0,0,1,0,0,0,0,0
2001,Jackson,0,1,0,0,3,2,Fellowship,13,1,1,0,0,0,0,0,0,0,0,0,0,0,0,0,0,0,0,0,0,0,0
2001,Lynch,0,1,0,0,4,2,Mulholland,1,0,1,0,0,2,0,0,0,0,0,0,0,0,0,0,0,0,0,0,0,0,0
2001,Scott,0,1,0,0,5,2,Hawk,4,0,1,0,0,2,0,0,0,0,0,0,0,0,0,0,0,0,0,0,0,0,0
2001,Crowe,0,0,1,0,1,2,Beautiful,8,1,1,1,0,2,1,2,1,0,0,0,1,0,0,0,0,0,1,0,37,0,0
2001,Penn,0,0,1,0,2,2,Sam,1,0,0,1,0,2,0,2,0,0,0,0,0,0,0,0,0,0,0,0,41,0,0
2001,SmithW,0,0,1,0,3,2,Ali,2,0,0,1,0,0,0,0,0,0,0,0,0,0,0,0,0,0,0,0,33,0,0
2001,Washington,0,0,1,0,4,1,Training,2,0,0,1,0,4,1,2,0,0,0,0,0,0,0,0,0,0,0,0,47,0,0
2001,Wilkinson,0,0,1,0,5,2,Bedroom,5,1,0,1,1,0,0,0,0,0,0,0,0,0,0,0,0,0,0,0,53,0,0
2001,Berry,0,0,0,1,1,1,Monster,2,0,0,0,1,0,0,0,0,0,0,0,0,0,0,0,0,0,0,1,35,0,0
2001,Dench,0,0,0,1,2,2,Iris,3,0,0,0,1,3,1,1,0,0,0,0,0,0,0,0,0,0,0,0,67,0,0
2001,Kidman,0,0,0,1,3,2,Moulin,8,1,0,0,1,0,0,0,0,0,0,0,0,0,0,1,0,0,0,0,34,0,0
2001,Spacek,0,0,0,1,4,2,Bedroom,5,1,0,1,1,5,1,5,1,0,0,0,0,0,1,0,0,0,0,0,52,0,0
2001,Zellweger,0,0,0,1,5,2,Bridget,1,0,0,0,1,0,0,0,0,0,0,0,0,0,0,0,0,0,0,0,32,0,0
2000,Brockovich,1,0,0,0,1,2,Brockovich,5,1,1,0,1,0,0,0,0,0,0,0,0,0,0,0,0,0,0,0,0,130,373
2000,Chocolat,1,0,0,0,2,2,Chocolat,5,1,0,0,1,0,0,0,0,0,0,0,0,0,0,0,0,0,0,0,0,121,79
2000,Crouching,1,0,0,0,3,2,Crouching,10,1,1,0,0,0,0,0,0,0,0,0,0,0,0,0,0,0,0,0,0,120,93
2000,Gladiator,1,0,0,0,4,1,Gladiator,12,1,1,1,0,0,0,0,0,1,0,0,0,0,0,0,1,0,0,0,0,155,324
2000,Traffic,1,0,0,0,5,2,Traffic,5,1,1,0,0,0,0,0,0,0,0,0,0,0,0,0,0,0,0,0,0,147,79
2000,Daldry,0,1,0,0,1,2,Elliot,3,0,1,0,0,0,0,0,0,0,0,0,0,0,0,0,0,0,0,0,0,0,0
2000,Lee,0,1,0,0,2,2,Crouching,10,1,1,0,0,0,0,0,0,0,0,1,0,0,0,0,0,1,0,0,0,0,0
2000,Scott,0,1,0,0,3,2,Gladiator,12,1,1,1,0,1,0,0,0,0,0,0,0,0,0,0,0,0,0,0,0,0,0
2000,Soderbergh,0,1,0,0,4,2,Brockovich,5,1,1,0,1,0,0,0,0,0,0,0,0,0,0,0,0,0,0,0,0,0,0
2000,Soderbergh,0,1,0,0,5,1,Traffic,5,1,1,0,0,0,0,0,0,0,0,0,0,0,0,0,0,0,0,0,0,0,0
2000,Bardem,0,0,1,0,1,2,Night,1,0,0,1,0,0,0,0,0,0,0,0,0,0,0,0,0,0,0,0,31,0,0
2000,Crowe,0,0,1,0,2,1,Gladiator,12,1,1,1,0,1,0,1,0,0,0,0,0,0,0,0,0,0,0,0,36,0,0
2000,Hanks,0,0,1,0,3,2,Cast,2,0,0,1,0,4,2,4,2,0,0,0,1,0,0,0,0,0,0,0,44,0,0
2000,HarrisE,0,0,1,0,4,2,Pollock,2,0,0,1,0,2,0,0,0,0,0,0,0,0,0,0,0,0,0,0,50,0,0
2000,Rush,0,0,1,0,5,2,Quills,3,0,0,1,0,2,1,1,1,0,0,0,0,0,0,0,0,0,0,0,49,0,0
2000,Allen,0,0,0,1,1,2,Contender,2,0,0,0,1,2,0,0,0,0,0,0,0,0,0,0,0,0,0,0,44,0,0
2000,Binoche,0,0,0,1,2,2,Chocolat,5,1,0,0,1,1,1,0,0,0,0,0,0,0,0,0,0,0,0,0,36,0,0
2000,Burstyn,0,0,0,1,3,2,Requiem,1,0,0,0,1,5,1,4,1,0,0,0,0,0,0,0,0,0,0,0,68,0,0
2000,Linney,0,0,0,1,4,2,Count,2,0,0,0,1,0,0,0,0,0,0,0,0,0,0,0,0,0,0,0,36,0,0
2000,RobertsJ,0,0,0,1,5,1,Brockovich,5,1,1,0,1,2,0,1,0,0,0,0,0,0,1,0,0,0,0,1,33,0,0
1999,American,1,0,0,0,1,1,American,8,1,1,1,1,0,0,0,0,1,0,0,0,0,0,0,1,0,0,0,0,122,177
1999,Cider,1,0,0,0,2,2,Cider,7,1,1,0,0,0,0,0,0,0,0,0,0,0,0,0,0,0,0,0,0,126,100
1999,Green,1,0,0,0,3,2,Green,4,1,0,0,0,0,0,0,0,0,0,0,0,0,0,0,0,0,0,0,0,188,107
1999,Insider,1,0,0,0,4,2,Insider,7,1,1,1,0,0,0,0,0,0,0,0,0,0,0,0,0,0,0,0,0,157,142
1999,Sixth,1,0,0,0,5,2,Sixth,6,1,1,0,0,0,0,0,0,0,0,0,0,0,0,0,0,0,0,0,0,107,233
1999,Hallstrom,0,1,0,0,1,2,Cider,7,1,1,0,0,1,0,0,0,0,0,0,0,0,0,0,0,0,0,0,0,0,0
1999,Jonze,0,1,0,0,2,2,Malkovich,3,0,1,0,0,0,0,0,0,0,0,0,0,0,0,0,0,0,0,0,0,0,0
1999,MannM,0,1,0,0,3,2,Insider,7,1,1,1,0,0,0,0,0,0,0,0,0,0,0,0,0,0,0,0,0,0,0
1999,Mendes,0,1,0,0,4,1,American,8,1,1,1,1,0,0,0,0,0,0,1,0,0,0,0,0,1,0,0,0,0,0
1999,Shyamalan,0,1,0,0,5,2,Sixth,6,1,1,0,0,0,0,0,0,0,0,0,0,0,0,0,0,0,0,0,0,0,0
1999,Crowe,0,0,1,0,1,2,Insider,7,1,1,1,0,0,0,0,0,0,0,0,0,0,0,0,0,0,0,0,35,0,0
1999,Farnsworth,0,0,1,0,2,2,Straight,1,0,0,1,0,1,0,0,0,0,0,0,0,0,0,0,0,0,0,0,79,0,0
1999,Penn,0,0,1,0,3,2,Sweet,2,0,0,1,0,1,0,1,0,0,0,0,0,0,0,0,0,0,0,0,39,0,0
1999,Spacey,0,0,1,0,4,1,American,8,1,1,1,1,1,1,0,0,0,0,0,0,0,0,0,0,0,1,0,40,0,0
1999,Washington,0,0,1,0,5,2,Hurricane,1,0,0,1,0,3,1,1,0,0,0,0,1,0,0,0,0,0,0,0,45,0,0
1999,Bening,0,0,0,1,1,2,American,8,1,1,1,1,1,0,0,0,0,0,0,0,0,0,0,0,0,0,1,41,0,0
1999,McTeer,0,0,0,1,2,2,Tumbleweeds,1,0,0,0,1,0,0,0,0,0,0,0,0,0,0,1,0,0,0,0,38,0,0
1999,MooreJ,0,0,0,1,3,2,Affair,2,0,0,0,1,1,0,0,0,0,0,0,0,0,0,0,0,0,0,0,39,0,0
1999,Streep,0,0,0,1,4,2,Music,2,0,0,0,1,11,2,9,1,0,0,0,0,0,0,0,0,0,0,0,50,0,0
1999,Swank,0,0,0,1,5,1,Boys,2,0,0,0,1,0,0,0,0,0,0,0,0,0,1,0,0,0,0,0,25,0,0
1998,Beautiful,1,0,0,0,1,2,Beautiful,7,1,1,1,0,0,0,0,0,0,0,0,0,0,0,0,0,0,0,0,0,116,149
1998,Elizabeth,1,0,0,0,2,2,Elizabeth,7,1,0,0,1,0,0,0,0,0,0,0,0,0,0,0,0,0,0,0,0,124,135
1998,Saving,1,0,0,0,3,2,Saving,11,1,1,1,0,0,0,0,0,1,0,0,0,0,0,0,1,0,0,0,0,170,240
1998,Shakespeare,1,0,0,0,4,1,Shakespeare,13,1,1,0,1,0,0,0,0,0,1,0,0,0,0,0,0,0,0,0,0,122,86
1998,Thin,1,0,0,0,5,2,Thin,7,1,1,0,0,0,0,0,0,0,0,0,0,0,0,0,0,0,0,0,0,170,72
1998,Benigni,0,1,0,0,1,2,Beautiful,7,1,1,1,0,0,0,0,0,0,0,0,0,0,0,0,0,0,0,0,0,0,0
1998,Madden,0,1,0,0,2,2,Shakespeare,13,1,1,0,1,0,0,0,0,0,0,0,0,0,0,0,0,0,0,0,0,0,0
1998,Malick,0,1,0,0,3,2,Thin,7,1,1,0,0,0,0,0,0,0,0,0,0,0,0,0,0,0,0,0,0,0,0
1998,Spielberg,0,1,0,0,4,1,Saving,11,1,1,1,0,4,1,0,0,0,0,1,0,0,0,0,0,1,0,0,0,0,0
1998,Weir,0,1,0,0,5,2,Truman,3,0,1,0,0,2,0,0,0,0,0,0,0,0,0,0,0,0,0,0,0,0,0
1998,Benigni,0,0,1,0,1,1,Beautiful,7,1,1,1,0,0,0,0,0,0,0,0,0,0,0,0,0,0,1,0,46,0,0
1998,Hanks,0,0,1,0,2,2,Saving,11,1,1,1,0,3,2,3,2,0,0,0,0,0,0,0,0,0,0,0,42,0,0
1998,McKellen,0,0,1,0,3,2,Gods,3,0,0,1,0,0,0,0,0,0,0,0,0,0,0,0,0,0,0,0,59,0,0
1998,Nolte,0,0,1,0,4,2,Affliction,2,0,0,1,0,1,0,1,0,0,0,0,0,0,0,0,0,0,0,0,57,0,0
1998,Norton,0,0,1,0,5,2,American,1,0,0,1,0,1,0,0,0,0,0,0,0,0,0,0,0,0,0,0,29,0,0
1998,Blanchett,0,0,0,1,1,2,Elizabeth,7,1,0,0,1,0,0,0,0,0,0,0,0,0,1,0,0,0,0,0,29,0,0
1998,Montenegro,0,0,0,1,2,2,Central,2,0,0,0,1,0,0,0,0,0,0,0,0,0,0,0,0,0,0,0,69,0,0
1998,Paltrow,0,0,0,1,3,1,Shakespeare,13,1,1,0,1,0,0,0,0,0,0,0,0,0,0,1,0,0,0,1,26,0,0
1998,Streep,0,0,0,1,4,2,One,1,0,0,0,1,10,2,8,1,0,0,0,0,0,0,0,0,0,0,0,49,0,0
1998,Watson,0,0,0,1,5,2,Hilary,2,0,0,0,1,1,0,1,0,0,0,0,0,0,0,0,0,0,0,0,31,0,0
1997,Gets,1,0,0,0,1,2,Gets,7,1,0,1,1,0,0,0,0,0,1,0,0,0,0,0,0,0,0,0,0,139,88
1997,LA,1,0,0,0,2,2,LA,9,1,1,0,0,0,0,0,0,0,0,0,0,0,0,0,0,0,0,0,0,138,185
1997,Monty,1,0,0,0,3,2,Monty,4,1,1,0,0,0,0,0,0,0,0,0,0,0,0,0,0,0,0,0,0,91,161
1997,Titanic,1,0,0,0,4,1,Titanic,14,1,1,0,1,0,0,0,0,1,0,0,0,0,0,0,1,0,0,0,0,194,94
1997,Will,1,0,0,0,5,2,Will,9,1,1,1,0,0,0,0,0,0,0,0,0,0,0,0,0,0,0,0,0,126,108
1997,Cameron,0,1,0,0,1,1,Titanic,14,1,1,0,1,0,0,0,0,0,0,1,0,0,0,0,0,1,0,0,0,0,0
1997,Cattaneo,0,1,0,0,2,2,Monty,4,1,1,0,0,0,0,0,0,0,0,0,0,0,0,0,0,0,0,0,0,0,0
1997,Egoyan,0,1,0,0,3,2,Hereafter,2,0,1,0,0,0,0,0,0,0,0,0,0,0,0,0,0,0,0,0,0,0,0
1997,Hanson,0,1,0,0,4,2,LA,9,1,1,0,0,0,0,0,0,0,0,0,0,0,0,0,0,0,0,0,0,0,0
1997,VanSant,0,1,0,0,5,2,Will,9,1,1,1,0,0,0,0,0,0,0,0,0,0,0,0,0,0,0,0,0,0,0
1997,Damon,0,0,1,0,1,2,Will,9,1,1,1,0,0,0,0,0,0,0,0,0,0,0,0,0,0,0,0,27,0,0
1997,Duvall,0,0,1,0,2,2,Apostle,1,0,0,1,0,5,1,2,1,0,0,0,0,0,0,0,0,0,0,0,66,0,0
1997,FondaP,0,0,1,0,3,2,Ulee,1,0,0,1,0,0,0,0,0,0,0,0,1,0,0,0,0,0,0,0,57,0,0
1997,Hoffman,0,0,1,0,4,2,Wag,2,0,0,1,0,6,2,6,2,0,0,0,0,0,0,0,0,0,0,0,60,0,0
1997,Nicholson,0,0,1,0,5,1,Gets,7,1,0,1,1,10,2,6,1,0,0,0,0,1,0,0,0,0,1,0,60,0,0
1997,BonhamCarter,0,0,0,1,1,2,Wings,4,0,0,0,1,0,0,0,0,0,0,0,0,0,0,0,0,0,0,0,31,0,0
1997,Christie,0,0,0,1,2,2,Afterglow,1,0,0,0,1,2,1,2,1,0,0,0,0,0,0,0,0,0,0,0,56,0,0
1997,Dench,0,0,0,1,3,2,Brown,2,0,0,0,1,0,0,0,0,0,0,0,0,0,1,0,0,0,0,0,63,0,0
1997,Hunt,0,0,0,1,4,1,Gets,7,1,0,1,1,0,0,0,0,0,0,0,0,0,0,1,0,0,0,1,34,0,0
1997,Winslet,0,0,0,1,5,2,Titanic,14,1,1,0,1,1,0,0,0,0,0,0,0,0,0,0,0,0,0,0,22,0,0
1996,English,1,0,0,0,1,1,English,12,1,1,1,1,0,0,0,0,1,0,0,0,0,0,0,1,0,0,0,0,160,129
1996,Fargo,1,0,0,0,2,2,Fargo,7,1,1,0,1,0,0,0,0,0,0,0,0,0,0,0,0,0,0,0,0,98,381
1996,Jerry,1,0,0,0,3,2,Jerry,5,1,0,1,0,0,0,0,0,0,0,0,0,0,0,0,0,0,0,0,0,138,101
1996,Secrets,1,0,0,0,4,2,Secrets,5,1,1,0,1,0,0,0,0,0,0,0,0,0,0,0,0,0,0,0,0,136,178
1996,Shine,1,0,0,0,5,2,Shine,7,1,1,1,0,0,0,0,0,0,0,0,0,0,0,0,0,0,0,0,0,105,124
1996,Coen,0,1,0,0,1,2,Fargo,7,1,1,0,1,0,0,0,0,0,0,0,0,0,0,0,0,0,0,0,0,0,0
1996,Forman,0,1,0,0,2,2,Flynt,2,0,1,1,0,2,2,0,0,0,0,1,0,0,0,0,0,0,0,0,0,0,0
1996,Hicks,0,1,0,0,3,2,Shine,7,1,1,1,0,0,0,0,0,0,0,0,0,0,0,0,0,0,0,0,0,0,0
1996,Leigh,0,1,0,0,4,2,Secrets,5,1,1,0,1,0,0,0,0,0,0,0,0,0,0,0,0,0,0,0,0,0,0
1996,Minghella,0,1,0,0,5,1,English,12,1,1,1,1,0,0,0,0,0,0,0,0,0,0,0,0,1,0,0,0,0,0
1996,Cruise,0,0,1,0,1,2,Jerry,5,1,0,1,0,1,0,1,0,0,0,0,0,1,0,0,0,0,0,0,34,0,0
1996,Fiennes,0,0,1,0,2,2,English,12,1,1,1,1,1,0,0,0,0,0,0,0,0,0,0,0,0,0,0,34,0,0
1996,Harrelson,0,0,1,0,3,2,Flynt,2,0,1,1,0,0,0,0,0,0,0,0,0,0,0,0,0,0,0,0,35,0,0
1996,Rush,0,0,1,0,4,1,Shine,7,1,1,1,0,0,0,0,0,0,0,0,1,0,0,0,0,0,1,0,45,0,0
1996,Thornton,0,0,1,0,5,2,Sling,2,0,0,1,0,0,0,0,0,0,0,0,0,0,0,0,0,0,0,0,41,0,0
1996,Blethyn,0,0,0,1,1,2,Secrets,5,1,1,0,1,0,0,0,0,0,0,0,0,0,1,0,0,0,0,0,50,0,0
1996,Keaton,0,0,0,1,2,2,Marvin,1,0,0,0,1,2,1,2,1,0,0,0,0,0,0,0,0,0,0,0,50,0,0
1996,McDormand,0,0,0,1,3,1,Fargo,7,1,1,0,1,1,0,0,0,0,0,0,0,0,0,0,0,0,0,1,39,0,0
1996,ScottThomas,0,0,0,1,4,2,English,12,1,1,1,1,0,0,0,0,0,0,0,0,0,0,0,0,0,0,0,36,0,0
1996,Watson,0,0,0,1,5,2,Breaking,1,0,0,0,1,0,0,0,0,0,0,0,0,0,0,0,0,0,0,0,29,0,0
1995,Apollo,1,0,0,0,1,2,Apollo,9,1,0,0,0,0,0,0,0,0,0,0,0,0,0,0,1,0,0,0,0,140,269
1995,Babe,1,0,0,0,2,2,Babe,7,1,1,0,0,0,0,0,0,0,1,0,0,0,0,0,0,0,0,0,0,89,234
1995,Braveheart,1,0,0,0,3,1,Braveheart,10,1,1,0,0,0,0,0,0,0,0,0,0,0,0,0,0,0,0,0,0,177,306
1995,Postino,1,0,0,0,4,2,Postino,5,1,1,1,0,0,0,0,0,0,0,0,0,0,0,0,0,0,0,0,0,108,285
1995,Sense,1,0,0,0,5,2,Sense,7,1,0,0,1,0,0,0,0,1,0,0,0,0,0,0,0,0,0,0,0,136,103
1995,Figgis,0,1,0,0,1,2,Vegas,4,0,1,1,1,0,0,0,0,0,0,0,0,0,0,0,0,0,0,0,0,0,0
1995,Gibson,0,1,0,0,2,1,Braveheart,10,1,1,0,0,0,0,0,0,0,0,1,0,0,0,0,0,0,0,0,0,0,0
1995,Noonan,0,1,0,0,3,2,Babe,7,1,1,0,0,0,0,0,0,0,0,0,0,0,0,0,0,0,0,0,0,0,0
1995,Radford,0,1,0,0,4,2,Postino,5,1,1,1,0,0,0,0,0,0,0,0,0,0,0,0,0,0,0,0,0,0,0
1995,RobbinsT,0,1,0,0,5,2,Dead,4,0,1,1,1,0,0,0,0,0,0,0,0,0,0,0,0,0,0,0,0,0,0
1995,Cage,0,0,1,0,1,1,Vegas,4,0,1,1,1,0,0,0,0,0,0,0,1,0,0,0,0,0,1,0,31,0,0
1995,Dreyfuss,0,0,1,0,2,2,Holland,1,0,0,1,0,1,1,1,1,0,0,0,0,0,0,0,0,0,0,0,48,0,0
1995,Hopkins,0,0,1,0,3,2,Nixon,4,0,0,1,0,2,1,2,1,0,0,0,0,0,0,0,0,0,0,0,58,0,0
1995,Penn,0,0,1,0,4,2,Dead,4,0,1,1,1,0,0,0,0,0,0,0,0,0,0,0,0,0,0,0,35,0,0
1995,Troisi,0,0,1,0,5,2,Postino,5,1,1,1,0,0,0,0,0,0,0,0,0,0,0,0,0,0,0,0,42,0,0
1995,Sarandon,0,0,0,1,1,1,Dead,4,0,1,1,1,4,0,4,0,0,0,0,0,0,0,0,0,0,0,1,49,0,0
1995,Shue,0,0,0,1,2,2,Vegas,4,0,1,1,1,0,0,0,0,0,0,0,0,0,0,0,0,0,0,0,32,0,0
1995,Stone,0,0,0,1,3,2,Casino,1,0,0,0,1,0,0,0,0,0,0,0,0,0,1,0,0,0,0,0,37,0,0
1995,Streep,0,0,0,1,4,2,Bridges,1,0,0,0,1,9,2,7,1,0,0,0,0,0,0,0,0,0,0,0,46,0,0
1995,Thompson,0,0,0,1,5,2,Sense,7,1,0,0,1,3,1,2,1,0,0,0,0,0,0,0,0,0,0,0,36,0,0
1994,Forrest,1,0,0,0,1,1,Forrest,13,1,1,1,0,0,0,0,0,1,0,0,0,0,0,0,1,0,0,0,0,142,264
1994,Pulp,1,0,0,0,2,2,Pulp,7,1,1,1,0,0,0,0,0,0,0,0,0,0,0,0,0,0,0,0,0,154,164
1994,Quiz,1,0,0,0,3,2,Quiz,4,1,1,0,0,0,0,0,0,0,0,0,0,0,0,0,0,0,0,0,0,133,194
1994,Shawshank,1,0,0,0,4,2,Shawshank,7,1,0,1,0,0,0,0,0,0,0,0,0,0,0,0,0,0,0,0,0,142,185
1994,Weddings,1,0,0,0,5,2,Weddings,2,1,0,0,0,0,0,0,0,0,0,0,0,0,0,0,0,0,0,0,0,117,205
1994,Allen,0,1,0,0,1,2,Bullets,7,0,1,0,0,5,1,0,0,0,0,0,0,0,0,0,0,0,0,0,0,0,0
1994,Kieslowski,0,1,0,0,2,2,Red,3,0,1,0,0,0,0,0,0,0,0,0,0,0,0,0,0,0,0,0,0,0,0
1994,Redford,0,1,0,0,3,2,Quiz,4,1,1,0,0,1,1,0,0,0,0,0,0,0,0,0,0,0,0,0,0,0,0
1994,Tarantino,0,1,0,0,4,2,Pulp,7,1,1,1,0,0,0,0,0,0,0,0,0,0,0,0,0,0,0,0,0,0,0
1994,Zemeckis,0,1,0,0,5,1,Forrest,13,1,1,1,0,0,0,0,0,0,0,1,0,0,0,0,0,1,0,0,0,0,0
1994,Freeman,0,0,1,0,1,2,Shawshank,7,1,0,1,0,2,0,1,0,0,0,0,0,0,0,0,0,0,0,0,57,0,0
1994,Hanks,0,0,1,0,2,1,Forrest,13,1,1,1,0,2,1,2,1,0,0,0,1,0,0,0,0,0,1,0,38,0,0
1994,Hawthorne,0,0,1,0,3,2,Madness,4,0,0,1,0,0,0,0,0,0,0,0,0,0,0,0,0,0,0,0,65,0,0
1994,Newman,0,0,1,0,4,2,Fool,2,0,0,1,0,7,1,7,1,0,0,0,0,0,0,0,0,0,0,0,69,0,0
1994,Travolta,0,0,1,0,5,2,Pulp,7,1,1,1,0,1,0,1,0,0,0,0,0,0,0,0,0,0,0,0,40,0,0
1994,Foster,0,0,0,1,1,2,Nell,1,0,0,0,1,3,2,2,2,0,0,0,0,0,0,0,0,0,0,1,32,0,0
1994,Lange,0,0,0,1,2,1,Blue,1,0,0,0,1,5,1,4,0,0,0,0,0,0,1,0,0,0,0,0,45,0,0
1994,Richardson,0,0,0,1,3,2,Tom,2,0,0,0,1,1,0,0,0,0,0,0,0,0,0,0,0,0,0,0,36,0,0
1994,Ryder,0,0,0,1,4,2,Little,3,0,0,0,1,1,0,0,0,0,0,0,0,0,0,0,0,0,0,0,23,0,0
1994,Sarandon,0,0,0,1,5,2,Client,1,0,0,0,1,3,0,3,0,0,0,0,0,0,0,0,0,0,0,0,48,0,0
1993,Fugitive,1,0,0,0,1,2,Fugitive,7,1,0,0,0,0,0,0,0,0,0,0,0,0,0,0,0,0,0,0,0,130,227
1993,Name,1,0,0,0,2,2,Name,7,1,1,1,0,0,0,0,0,0,0,0,0,0,0,0,0,0,0,0,0,133,65
1993,Piano,1,0,0,0,3,2,Piano,8,1,1,0,1,0,0,0,0,0,0,0,0,0,0,0,0,0,0,0,0,121,129
1993,Remains,1,0,0,0,4,2,Remains,8,1,1,1,1,0,0,0,0,0,0,0,0,0,0,0,0,0,0,0,0,134,136
1993,Schindler,1,0,0,0,5,1,Schindler,12,1,1,1,0,0,0,0,0,1,0,0,0,0,0,0,1,0,0,0,0,194,96
1993,Altman,0,1,0,0,1,2,Short,1,0,1,0,0,3,0,0,0,0,0,0,0,0,0,0,0,0,0,0,0,0,0
1993,Campion,0,1,0,0,2,2,Piano,8,1,1,0,1,0,0,0,0,0,0,0,0,0,0,0,0,0,0,0,0,0,0
1993,Ivory,0,1,0,0,3,2,Remains,8,1,1,1,1,2,0,0,0,0,0,0,0,0,0,0,0,0,0,0,0,0,0
1993,Sheridan,0,1,0,0,4,2,Name,7,1,1,1,0,1,0,0,0,0,0,0,0,0,0,0,0,0,0,0,0,0,0
1993,Spielberg,0,1,0,0,5,1,Schindler,12,1,1,1,0,3,0,0,0,0,0,1,0,0,0,0,0,1,0,0,0,0,0
1993,DayLewis,0,0,1,0,1,2,Name,7,1,1,1,0,1,1,1,1,0,0,0,0,0,0,0,0,0,0,0,36,0,0
1993,Fishburne,0,0,1,0,2,2,Love,2,0,0,1,1,0,0,0,0,0,0,0,0,0,0,0,0,0,0,0,32,0,0
1993,Hanks,0,0,1,0,3,1,Philadelphia,5,0,0,1,0,1,0,1,0,0,0,0,1,0,0,0,0,0,0,0,37,0,0
1993,Hopkins,0,0,1,0,4,2,Remains,8,1,1,1,1,1,1,1,1,0,0,0,0,0,0,0,0,0,0,0,56,0,0
1993,Neeson,0,0,1,0,5,2,Schindler,12,1,1,1,0,0,0,0,0,0,0,0,0,0,0,0,0,0,0,0,41,0,0
1993,Bassett,0,0,0,1,1,2,Love,2,0,0,1,1,0,0,0,0,0,0,0,0,0,0,1,0,0,0,0,35,0,0
1993,Channing,0,0,0,1,2,2,Degrees,1,0,0,0,1,0,0,0,0,0,0,0,0,0,0,0,0,0,0,0,49,0,0
1993,Hunter,0,0,0,1,3,1,Piano,8,1,1,0,1,1,0,1,0,0,0,0,0,0,1,0,0,0,0,0,35,0,0
1993,Thompson,0,0,0,1,4,2,Remains,8,1,1,1,1,1,1,1,1,0,0,0,0,0,0,0,0,0,0,0,34,0,0
1993,Winger,0,0,0,1,5,2,Shadowlands,2,0,0,0,1,2,0,2,0,0,0,0,0,0,0,0,0,0,0,0,38,0,0
1992,Crying,1,0,0,0,1,2,Crying,6,1,1,1,0,0,0,0,0,0,0,0,0,0,0,0,1,0,0,0,0,112,124
1992,Few,1,0,0,0,2,2,Few,4,1,0,0,0,0,0,0,0,0,0,0,0,0,0,0,0,0,0,0,0,138,108
1992,Howards,1,0,0,0,3,2,Howards,9,1,1,0,1,0,0,0,0,0,0,0,0,0,0,0,0,0,0,0,0,140,381
1992,Scent,1,0,0,0,4,2,Scent,4,1,1,1,0,0,0,0,0,1,0,0,0,0,0,0,0,0,0,0,0,157,96
1992,Unforgiven,1,0,0,0,5,1,Unforgiven,9,1,1,1,0,0,0,0,0,0,0,0,0,0,0,0,0,0,0,0,0,131,234
1992,Altman,0,1,0,0,1,2,Player,3,0,1,0,0,2,0,0,0,0,0,0,0,0,0,0,0,0,0,0,0,0,0
1992,Brest,0,1,0,0,2,2,Scent,4,1,1,1,0,0,0,0,0,0,0,0,0,0,0,0,0,0,0,0,0,0,0
1992,Eastwood,0,1,0,0,3,1,Unforgiven,9,1,1,1,0,0,0,0,0,0,0,1,0,0,0,0,0,1,0,0,0,0,0
1992,Ivory,0,1,0,0,4,2,Howards,9,1,1,0,1,1,0,0,0,0,0,0,0,0,0,0,0,0,0,0,0,0,0
1992,Jordan,0,1,0,0,5,2,Crying,6,1,1,1,0,0,0,0,0,0,0,0,0,0,0,0,0,0,0,0,0,0,0
1992,Downey,0,0,1,0,1,2,Chaplin,3,0,0,1,0,0,0,0,0,0,0,0,0,0,0,0,0,0,0,0,27,0,0
1992,Eastwood,0,0,1,0,2,2,Unforgiven,9,1,1,1,0,0,0,0,0,0,0,0,0,0,0,0,0,0,0,0,62,0,0
1992,Pacino,0,0,1,0,3,1,Scent,4,1,1,1,0,6,0,4,0,0,0,0,1,0,0,0,0,0,0,0,52,0,0
1992,Rea,0,0,1,0,4,2,Crying,6,1,1,1,0,0,0,0,0,0,0,0,0,0,0,0,0,0,0,0,46,0,0
1992,Washington,0,0,1,0,5,2,Malcolm,2,0,0,1,0,2,1,0,0,0,0,0,0,0,0,0,0,0,0,0,38,0,0
1992,Deneuve,0,0,0,1,1,2,Indochine,2,0,0,0,1,0,0,0,0,0,0,0,0,0,0,0,0,0,0,0,49,0,0
1992,McDonnell,0,0,0,1,2,2,Passion,2,0,0,0,1,1,0,0,0,0,0,0,0,0,0,0,0,0,0,0,40,0,0
1992,Pfeiffer,0,0,0,1,3,2,Love,1,0,0,0,1,2,0,1,0,0,0,0,0,0,0,0,0,0,0,0,34,0,0
1992,Sarandon,0,0,0,1,4,2,Lorenzo,2,0,0,0,1,2,0,2,0,0,0,0,0,0,0,0,0,0,0,0,46,0,0
1992,Thompson,0,0,0,1,5,1,Howards,9,1,1,0,1,0,0,0,0,0,0,0,0,0,1,0,0,0,0,0,33,0,0
1991,Beauty,1,0,0,0,1,2,Beauty,6,1,0,0,0,0,0,0,0,0,1,0,0,0,0,0,0,0,0,0,0,84,129
1991,Bugsy,1,0,0,0,2,2,Bugsy,10,1,1,1,0,0,0,0,0,1,0,0,0,0,0,0,0,0,0,0,0,134,108
1991,JFK,1,0,0,0,3,2,JFK,8,1,1,0,0,0,0,0,0,0,0,0,0,0,0,0,0,0,0,0,0,189,101
1991,Prince,1,0,0,0,4,2,Prince,7,1,0,1,0,0,0,0,0,0,0,0,0,0,0,0,0,0,0,0,0,132,96
1991,Silence,1,0,0,0,5,1,Silence,7,1,1,1,1,0,0,0,0,0,0,0,0,0,0,0,1,0,0,0,0,118,411
1991,Demme,0,1,0,0,1,1,Silence,7,1,1,1,1,0,0,0,0,0,0,0,0,0,0,0,0,1,0,0,0,0,0
1991,Levinson,0,1,0,0,2,2,Bugsy,10,1,1,1,0,1,1,0,0,0,0,0,0,0,0,0,0,0,0,0,0,0,0
1991,Scott,0,1,0,0,3,2,Thelma,6,0,1,0,2,0,0,0,0,0,0,0,0,0,0,0,0,0,0,0,0,0,0
1991,Singleton,0,1,0,0,4,2,Boyz,2,0,1,0,0,0,0,0,0,0,0,0,0,0,0,0,0,0,0,0,0,0,0
1991,Stone,0,1,0,0,5,2,JFK,8,1,1,0,0,2,2,0,0,0,0,1,0,0,0,0,0,0,0,0,0,0,0
1991,Beatty,0,0,1,0,1,2,Bugsy,10,1,1,1,0,3,0,3,0,0,0,0,0,0,0,0,0,0,0,0,54,0,0
1991,DeNiro,0,0,1,0,2,2,Cape,2,0,0,1,0,5,2,4,1,0,0,0,0,0,0,0,0,0,0,0,48,0,0
1991,Hopkins,0,0,1,0,3,1,Silence,7,1,1,1,1,0,0,0,0,0,0,0,0,0,0,0,0,0,0,0,54,0,0
1991,Nolte,0,0,1,0,4,2,Prince,7,1,0,1,0,0,0,0,0,0,0,0,1,0,0,0,0,0,0,0,50,0,0
1991,Williams,0,0,1,0,5,2,Fisher,5,0,0,1,0,2,0,2,0,0,0,0,0,1,0,0,0,0,0,0,40,0,0
1991,DavisG,0,0,0,1,1,2,Thelma,6,0,1,0,2,1,1,0,0,0,0,0,0,0,0,0,0,0,0,0,35,0,0
1991,Dern,0,0,0,1,2,2,Rambling,2,0,0,0,1,0,0,0,0,0,0,0,0,0,0,0,0,0,0,0,24,0,0
1991,Foster,0,0,0,1,3,1,Silence,7,1,1,1,1,2,1,1,1,0,0,0,0,0,1,0,0,0,0,0,29,0,0
1991,Midler,0,0,0,1,4,2,Boys,1,0,0,0,1,1,0,1,0,0,0,0,0,0,0,1,0,0,0,0,46,0,0
1991,Sarandon,0,0,0,1,5,2,Thelma,6,0,1,0,2,1,0,1,0,0,0,0,0,0,0,0,0,0,0,0,45,0,0
1990,Awakenings,1,0,0,0,1,2,Awakenings,3,1,0,1,0,0,0,0,0,0,0,0,0,0,0,0,0,0,0,0,0,121,95
1990,Dances,1,0,0,0,2,1,Dances,12,1,1,1,0,0,0,0,0,1,0,0,0,0,0,0,1,0,0,0,0,180,124
1990,Ghost,1,0,0,0,3,2,Ghost,5,1,0,0,0,0,0,0,0,0,0,0,0,0,0,0,0,0,0,0,0,128,255
1990,Godfather3,1,0,0,0,4,2,Godfather3,7,1,1,0,0,0,0,0,0,0,0,0,0,0,0,0,0,0,0,0,0,162,90
1990,Goodfellas,1,0,0,0,5,2,Goodfellas,6,1,1,0,0,0,0,0,0,0,0,0,0,0,0,0,0,0,0,0,0,145,187
1990,CoppolaFF,0,1,0,0,1,2,Godfather3,7,1,1,0,0,3,1,0,0,0,0,0,0,0,0,0,0,0,0,0,0,0,0
1990,Costner,0,1,0,0,2,1,Dances,12,1,1,1,0,0,0,0,0,0,0,1,0,0,0,0,0,1,0,0,0,0,0
1990,Frears,0,1,0,0,3,2,Grifters,4,0,1,0,1,0,0,0,0,0,0,0,0,0,0,0,0,0,0,0,0,0,0
1990,Schroeder,0,1,0,0,4,2,Reversal,3,0,1,1,0,0,0,0,0,0,0,0,0,0,0,0,0,0,0,0,0,0,0
1990,Scorsese,0,1,0,0,5,2,Goodfellas,6,1,1,0,0,2,0,0,0,0,0,0,0,0,0,0,0,0,0,0,0,0,0
1990,Costner,0,0,1,0,1,2,Dances,12,1,1,1,0,0,0,0,0,0,0,0,0,0,0,0,0,0,0,0,35,0,0
1990,DeNiro,0,0,1,0,2,2,Awakenings,3,1,0,1,0,4,2,3,1,0,0,0,0,0,0,0,0,0,0,0,47,0,0
1990,Depardieu,0,0,1,0,3,2,Cyrano,5,0,0,1,0,0,0,0,0,0,0,0,0,0,0,0,0,0,0,0,42,0,0
1990,HarrisR,0,0,1,0,4,2,Field,1,0,0,1,0,1,0,1,0,0,0,0,0,0,0,0,0,0,0,0,60,0,0
1990,Irons,0,0,1,0,5,1,Reversal,3,0,1,1,0,0,0,0,0,0,0,0,1,0,0,0,0,0,0,0,42,0,0
1990,Bates,0,0,0,1,1,1,Misery,1,0,0,0,1,0,0,0,0,0,0,0,0,0,1,0,0,0,0,0,42,0,0
1990,HustonA,0,0,0,1,2,2,Grifters,4,0,1,0,1,2,1,0,0,0,0,0,0,0,0,0,0,0,0,0,39,0,0
1990,RobertsJ,0,0,0,1,3,2,Pretty,1,0,0,0,1,1,0,0,0,0,0,0,0,0,0,1,0,0,0,0,23,0,0
1990,Streep,0,0,0,1,4,2,Postcards,2,0,0,0,1,8,2,6,1,0,0,0,0,0,0,0,0,0,0,0,41,0,0
1990,Woodward,0,0,0,1,5,2,Bridge,1,0,0,0,1,3,1,3,1,0,0,0,0,0,0,0,0,0,0,0,60,0,0
1989,Born,1,0,0,0,1,2,Born,8,1,1,1,0,0,0,0,0,1,0,0,0,0,0,0,0,0,0,0,0,145,96
1989,Driving,1,0,0,0,2,1,Driving,9,1,0,1,1,0,0,0,0,0,1,0,0,0,0,0,1,0,0,0,0,99,59
1989,Field,1,0,0,0,3,2,Field,3,1,0,0,0,0,0,0,0,0,0,0,0,0,0,0,0,0,0,0,0,107,339
1989,Left,1,0,0,0,4,2,Left,5,1,1,1,0,0,0,0,0,0,0,0,0,0,0,0,0,0,0,0,0,98,136
1989,Poets,1,0,0,0,5,2,Poets,4,1,1,1,0,0,0,0,0,0,0,0,0,0,0,0,0,0,0,0,0,128,297
1989,Allen,0,1,0,0,1,2,Crimes,3,0,1,0,0,4,1,0,0,0,0,0,0,0,0,0,0,0,0,0,0,0,0
1989,Branagh,0,1,0,0,2,2,Henry,3,0,1,1,0,0,0,0,0,0,0,0,0,0,0,0,0,0,0,0,0,0,0
1989,Sheridan,0,1,0,0,3,2,Left,5,1,1,1,0,0,0,0,0,0,0,0,0,0,0,0,0,0,0,0,0,0,0
1989,Stone,0,1,0,0,4,1,Born,8,1,1,1,0,1,1,0,0,0,0,1,0,0,0,0,0,1,0,0,0,0,0
1989,Weir,0,1,0,0,5,2,Poets,4,1,1,1,0,1,0,0,0,0,0,0,0,0,0,0,0,0,0,0,0,0,0
1989,Branagh,0,0,1,0,1,2,Henry,3,0,1,1,0,0,0,0,0,0,0,0,0,0,0,0,0,0,0,0,29,0,0
1989,Cruise,0,0,1,0,2,2,Born,8,1,1,1,0,0,0,0,0,0,0,0,1,0,0,0,0,0,0,0,27,0,0
1989,DayLewis,0,0,1,0,3,1,Left,5,1,1,1,0,0,0,0,0,0,0,0,0,0,0,0,0,0,0,0,32,0,0
1989,Freeman,0,0,1,0,4,2,Driving,9,1,0,1,1,1,0,0,0,0,0,0,0,1,0,0,0,0,0,0,52,0,0
1989,Williams,0,0,1,0,5,2,Poets,4,1,1,1,0,1,0,1,0,0,0,0,0,0,0,0,0,0,0,0,38,0,0
1989,Adjani,0,0,0,1,1,2,Camille,2,0,0,0,1,1,0,1,0,0,0,0,0,0,0,0,0,0,0,0,34,0,0
1989,Collins,0,0,0,1,2,2,Shirley,2,0,0,0,1,0,0,0,0,0,0,0,0,0,0,0,0,0,0,0,49,0,0
1989,Lange,0,0,0,1,3,2,Music,1,0,0,0,1,4,1,3,0,0,0,0,0,0,0,0,0,0,0,0,40,0,0
1989,Pfeiffer,0,0,0,1,4,2,Fabulous,4,0,0,0,1,1,0,0,0,0,0,0,0,0,1,0,0,0,0,0,31,0,0
1989,Tandy,0,0,0,1,5,1,Driving,9,1,0,1,1,1,0,0,0,0,0,0,0,0,0,1,0,0,0,0,80,0,0
1988,Accidental,1,0,0,0,1,2,Accidental,4,1,0,0,0,0,0,0,0,0,0,0,0,0,0,0,0,0,0,0,0,121,96
1988,Dangerous,1,0,0,0,2,2,Dangerous,7,1,0,0,1,0,0,0,0,0,0,0,0,0,0,0,0,0,0,0,0,119,98
1988,Mississippi,1,0,0,0,3,2,Mississippi,7,1,1,1,0,0,0,0,0,0,0,0,0,0,0,0,0,0,0,0,0,128,110
1988,Rain,1,0,0,0,4,1,Rain,8,1,1,1,0,0,0,0,0,1,0,0,0,0,0,0,1,0,0,0,0,133,103
1988,Working,1,0,0,0,5,2,Working,6,1,1,0,1,0,0,0,0,0,1,0,0,0,0,0,0,0,0,0,0,114,98
1988,Crichton,0,1,0,0,1,2,Wanda,3,0,1,0,0,0,0,0,0,0,0,0,0,0,0,0,0,0,0,0,0,0,0
1988,Levinson,0,1,0,0,2,1,Rain,8,1,1,1,0,0,0,0,0,0,0,0,0,0,0,0,0,1,0,0,0,0,0
1988,Nichols,0,1,0,0,3,2,Working,6,1,1,0,1,3,1,0,0,0,0,0,0,0,0,0,0,0,0,0,0,0,0
1988,Parker,0,1,0,0,4,2,Mississippi,7,1,1,1,0,1,0,0,0,0,0,0,0,0,0,0,0,0,0,0,0,0,0
1988,Scorsese,0,1,0,0,5,2,Temptation,1,0,1,0,0,1,0,0,0,0,0,0,0,0,0,0,0,0,0,0,0,0,0
1988,Hackman,0,0,1,0,1,2,Mississippi,7,1,1,1,0,3,1,1,1,0,0,0,0,0,0,0,0,0,0,0,58,0,0
1988,Hanks,0,0,1,0,2,2,Big,2,0,0,1,0,0,0,0,0,0,0,0,0,1,0,0,0,0,0,0,32,0,0
1988,Hoffman,0,0,1,0,3,1,Rain,8,1,1,1,0,5,1,5,1,0,0,0,1,0,0,0,0,0,0,0,51,0,0
1988,Olmos,0,0,1,0,4,2,Stand,1,0,0,1,0,0,0,0,0,0,0,0,0,0,0,0,0,0,0,0,41,0,0
1988,Sydow,0,0,1,0,5,2,Pelle,2,0,0,1,0,0,0,0,0,0,0,0,0,0,0,0,0,0,0,0,59,0,0
1988,Close,0,0,0,1,1,2,Dangerous,7,1,0,0,1,4,0,1,0,0,0,0,0,0,0,0,0,0,0,0,41,0,0
1988,Foster,0,0,0,1,2,1,Accused,1,0,0,0,1,1,0,0,0,0,0,0,0,0,1,0,0,0,0,0,26,0,0
1988,GriffithM,0,0,0,1,3,2,Working,6,1,1,0,1,0,0,0,0,0,0,0,0,0,0,1,0,0,0,0,31,0,0
1988,Streep,0,0,0,1,4,2,Cry,1,0,0,0,1,7,2,5,1,0,0,0,0,0,0,0,0,0,0,0,39,0,0
1988,Weaver,0,0,0,1,5,2,Gorillas,5,0,0,0,1,1,0,1,0,0,0,0,0,0,1,0,0,0,0,0,39,0,0
1987,Broadcast,1,0,0,0,1,2,Broadcast,7,1,0,1,1,0,0,0,0,0,0,0,0,0,0,0,0,0,0,0,0,133,117
1987,Emperor,1,0,0,0,2,1,Emperor,9,1,1,0,0,0,0,0,0,1,0,0,0,0,0,0,1,0,0,0,0,160,115
1987,Fatal,1,0,0,0,3,2,Fatal,6,1,1,0,1,0,0,0,0,0,0,0,0,0,0,0,0,0,0,0,0,123,206
1987,Hope,1,0,0,0,4,2,Hope,5,1,1,0,0,0,0,0,0,0,1,0,0,0,0,0,0,0,0,0,0,113,148
1987,Moonstruck,1,0,0,0,5,2,Moonstruck,6,1,1,0,1,0,0,0,0,0,0,0,0,0,0,0,0,0,0,0,0,102,115
1987,Bertolucci,0,1,0,0,1,1,Emperor,9,1,1,0,0,1,0,0,0,0,0,1,0,0,0,0,0,1,0,0,0,0,0
1987,Boorman,0,1,0,0,2,2,Hope,5,1,1,0,0,1,0,0,0,0,0,0,0,0,0,0,0,0,0,0,0,0,0
1987,Hallstrom,0,1,0,0,3,2,Dog,2,0,1,0,0,0,0,0,0,0,0,0,0,0,0,0,0,0,0,0,0,0,0
1987,Jewison,0,1,0,0,4,2,Moonstruck,6,1,1,0,1,2,0,0,0,0,0,0,0,0,0,0,0,0,0,0,0,0,0
1987,Lyne,0,1,0,0,5,2,Fatal,6,1,1,0,1,0,0,0,0,0,0,0,0,0,0,0,0,0,0,0,0,0,0
1987,DouglasMi,0,0,1,0,1,1,Wall,1,0,0,1,0,0,0,0,0,0,0,0,1,0,0,0,0,0,0,0,43,0,0
1987,HurtW,0,0,1,0,2,2,Broadcast,7,1,0,1,1,2,1,2,1,0,0,0,0,0,0,0,0,0,0,0,37,0,0
1987,Mastroianni,0,0,1,0,3,2,Dark,1,0,0,1,0,2,0,2,0,0,0,0,0,0,0,0,0,0,0,0,63,0,0
1987,Nicholson,0,0,1,0,4,2,Ironweed,2,0,0,1,1,8,2,5,1,0,0,0,0,0,0,0,0,0,0,0,50,0,0
1987,Williams,0,0,1,0,5,2,Vietnam,1,0,0,1,0,0,0,0,0,0,0,0,0,1,0,0,0,0,0,0,36,0,0
1987,Cher,0,0,0,1,1,1,Moonstruck,6,1,1,0,1,1,0,0,0,0,0,0,0,0,0,1,0,0,0,0,41,0,0
1987,Close,0,0,0,1,2,2,Fatal,6,1,1,0,1,3,0,0,0,0,0,0,0,0,0,0,0,0,0,0,40,0,0
1987,Hunter,0,0,0,1,3,2,Broadcast,7,1,0,1,1,0,0,0,0,0,0,0,0,0,0,0,0,0,0,0,29,0,0
1987,Kirkland,0,0,0,1,4,2,Anna,1,0,0,0,1,0,0,0,0,0,0,0,0,0,1,0,0,0,0,0,43,0,0
1987,Streep,0,0,0,1,5,2,Ironweed,2,0,0,1,1,6,2,4,1,0,0,0,0,0,0,0,0,0,0,0,38,0,0
1986,Children,1,0,0,0,1,2,Children,5,1,0,1,1,0,0,0,0,0,0,0,0,0,0,0,0,0,0,0,0,119,178
1986,Hannah,1,0,0,0,2,2,Hannah,7,1,1,0,0,0,0,0,0,0,1,0,0,0,0,0,0,0,0,0,0,103,416
1986,Mission,1,0,0,0,3,2,Mission,7,1,1,0,0,0,0,0,0,0,0,0,0,0,0,0,0,0,0,0,0,126,150
1986,Platoon,1,0,0,0,4,1,Platoon,8,1,1,0,0,0,0,0,0,1,0,0,0,0,0,0,1,0,0,0,0,120,96
1986,Room,1,0,0,0,5,2,Room,8,1,1,0,0,0,0,0,0,0,0,0,0,0,0,0,0,0,0,0,0,117,349
1986,Allen,0,1,0,0,1,2,Hannah,7,1,1,0,0,3,1,0,0,0,0,0,0,0,0,0,0,0,0,0,0,0,0
1986,Ivory,0,1,0,0,2,2,Room,8,1,1,0,0,0,0,0,0,0,0,0,0,0,0,0,0,0,0,0,0,0,0
1986,Joffe,0,1,0,0,3,2,Mission,7,1,1,0,0,1,0,0,0,0,0,0,0,0,0,0,0,0,0,0,0,0,0
1986,Lynch,0,1,0,0,4,2,Velvet,1,0,1,0,0,1,0,0,0,0,0,0,0,0,0,0,0,0,0,0,0,0,0
1986,Stone,0,1,0,0,5,1,Platoon,8,1,1,0,0,0,0,0,0,0,0,1,0,0,0,0,0,1,0,0,0,0,0
1986,Gordon,0,0,1,0,1,2,Round,2,0,0,1,0,0,0,0,0,0,0,0,0,0,0,0,0,0,0,0,63,0,0
1986,Hoskins,0,0,1,0,2,2,Mona,1,0,0,1,0,0,0,0,0,0,0,0,1,0,0,0,0,0,0,0,44,0,0
1986,HurtW,0,0,1,0,3,2,Children,5,1,0,1,1,1,1,1,1,0,0,0,0,0,0,0,0,0,0,0,36,0,0
1986,Newman,0,0,1,0,4,1,Color,4,0,0,1,0,6,0,6,0,0,0,0,0,0,0,0,0,0,0,0,61,0,0
1986,Woods,0,0,1,0,5,2,Salvador,2,0,0,1,0,0,0,0,0,0,0,0,0,0,0,0,0,0,0,0,39,0,0
1986,FondaJ,0,0,0,1,1,2,Morning,1,0,0,0,1,6,2,5,2,0,0,0,0,0,0,0,0,0,0,0,49,0,0
1986,Matlin,0,0,0,1,2,1,Children,5,1,0,1,1,0,0,0,0,0,0,0,0,0,1,0,0,0,0,0,21,0,0
1986,Spacek,0,0,0,1,3,2,Crimes,3,0,0,0,1,4,1,4,1,0,0,0,0,0,0,1,0,0,0,0,37,0,0
1986,TurnerK,0,0,0,1,4,2,Peggy,3,0,0,0,1,0,0,0,0,0,0,0,0,0,0,0,0,0,0,0,32,0,0
1986,Weaver,0,0,0,1,5,2,Aliens,7,0,0,0,1,0,0,0,0,0,0,0,0,0,0,0,0,0,0,0,37,0,0
1985,Africa,1,0,0,0,1,1,Africa,11,1,1,0,1,0,0,0,0,1,0,0,0,0,0,0,0,0,0,0,0,150,96
1985,Color,1,0,0,0,2,2,Color,11,1,0,0,1,0,0,0,0,0,0,0,0,0,0,0,1,0,0,0,0,154,96
1985,Kiss,1,0,0,0,3,2,Kiss,4,1,1,1,0,0,0,0,0,0,0,0,0,0,0,0,0,0,0,0,0,120,221
1985,Prizzi,1,0,0,0,4,2,Prizzi,8,1,1,1,0,0,0,0,0,0,1,0,0,0,0,0,0,0,0,0,0,130,283
1985,Witness,1,0,0,0,5,2,Witness,8,1,1,1,0,0,0,0,0,0,0,0,0,0,0,0,0,0,0,0,0,112,409
1985,Babenco,0,1,0,0,1,2,Kiss,4,1,1,1,0,0,0,0,0,0,0,0,0,0,0,0,0,0,0,0,0,0,0
1985,HustonJ,0,1,0,0,2,2,Prizzi,8,1,1,1,0,4,1,0,0,0,0,1,0,0,0,0,0,0,0,0,0,0,0
1985,Kurosawa,0,1,0,0,3,2,Ran,4,0,1,0,0,0,0,0,0,0,0,0,0,0,0,0,0,0,0,0,0,0,0
1985,Pollack,0,1,0,0,4,1,Africa,11,1,1,0,1,2,0,0,0,0,0,0,0,0,0,0,0,0,0,0,0,0,0
1985,Weir,0,1,0,0,5,2,Witness,8,1,1,1,0,0,0,0,0,0,0,0,0,0,0,0,0,0,0,0,0,0,0
1985,Ford,0,0,1,0,1,2,Witness,8,1,1,1,0,0,0,0,0,0,0,0,0,0,0,0,0,0,0,0,43,0,0
1985,Garner,0,0,1,0,2,2,Murphy,2,0,0,1,0,0,0,0,0,0,0,0,0,0,0,0,0,0,0,0,57,0,0
1985,HurtW,0,0,1,0,3,1,Kiss,4,1,1,1,0,0,0,0,0,0,0,0,0,0,0,0,0,0,0,0,35,0,0
1985,Nicholson,0,0,1,0,4,2,Prizzi,8,1,1,1,0,7,2,4,1,0,0,0,0,1,0,0,0,0,0,0,48,0,0
1985,Voight,0,0,1,0,5,2,Runaway,3,0,0,1,0,2,1,2,1,0,0,0,1,0,0,0,0,0,0,0,47,0,0
1985,Bancroft,0,0,0,1,1,2,Agnes,3,0,0,0,1,4,1,4,1,0,0,0,0,0,0,0,0,0,0,0,54,0,0
1985,Goldberg,0,0,0,1,2,2,Color,11,1,0,0,1,0,0,0,0,0,0,0,0,0,1,0,0,0,0,0,30,0,0
1985,Lange,0,0,0,1,3,2,Sweet,1,0,0,0,1,3,1,2,0,0,0,0,0,0,0,0,0,0,0,0,36,0,0
1985,Page,0,0,0,1,4,1,Bountiful,2,0,0,0,1,7,0,3,0,0,0,0,0,0,0,0,0,0,0,0,61,0,0
1985,Streep,0,0,0,1,5,2,Africa,11,1,1,0,1,5,2,3,1,0,0,0,0,0,0,0,0,0,0,0,36,0,0
1984,Amadeus,1,0,0,0,1,1,Amadeus,11,1,1,2,0,0,0,0,0,1,0,0,0,0,0,0,1,0,0,0,0,160,187
1984,Killing,1,0,0,0,2,2,Killing,7,1,1,1,0,0,0,0,0,0,0,0,0,0,0,0,0,0,0,0,0,141,143
1984,Passage,1,0,0,0,3,2,Passage,11,1,1,0,1,0,0,0,0,0,0,0,0,0,0,0,0,0,0,0,0,163,59
1984,Places,1,0,0,0,4,2,Places,7,1,1,0,1,0,0,0,0,0,0,0,0,0,0,0,0,0,0,0,0,112,185
1984,Soldier,1,0,0,0,5,2,Soldier,3,1,0,0,0,0,0,0,0,0,0,0,0,0,0,0,0,0,0,0,0,98,192
1984,Allen,0,1,0,0,1,2,Broadway,2,0,1,0,0,2,1,0,0,0,0,0,0,0,0,0,0,0,0,0,0,0,0
1984,Benton,0,1,0,0,2,2,Places,7,1,1,0,1,1,1,0,0,0,0,0,0,0,0,0,0,0,0,0,0,0,0
1984,Forman,0,1,0,0,3,1,Amadeus,11,1,1,2,0,1,1,0,0,0,0,1,0,0,0,0,0,1,0,0,0,0,0
1984,Joffe,0,1,0,0,4,2,Killing,7,1,1,1,0,0,0,0,0,0,0,0,0,0,0,0,0,0,0,0,0,0,0
1984,Lean,0,1,0,0,5,2,Passage,11,1,1,0,1,6,2,0,0,0,0,0,0,0,0,0,0,0,0,0,0,0,0
1984,Abraham,0,0,1,0,1,1,Amadeus,11,1,1,2,0,0,0,0,0,0,0,0,1,0,0,0,0,0,0,0,45,0,0
1984,Bridges,0,0,1,0,2,2,Starman,1,0,0,1,0,2,0,0,0,0,0,0,0,0,0,0,0,0,0,0,35,0,0
1984,Finney,0,0,1,0,3,2,Volcano,2,0,0,1,0,3,0,3,0,0,0,0,0,0,0,0,0,0,0,0,48,0,0
1984,Hulce,0,0,1,0,4,2,Amadeus,11,1,1,2,0,0,0,0,0,0,0,0,0,0,0,0,0,0,0,0,31,0,0
1984,Waterston,0,0,1,0,5,2,Killing,7,1,1,1,0,0,0,0,0,0,0,0,0,0,0,0,0,0,0,0,44,0,0
1984,DavisJ,0,0,0,1,1,2,Passage,11,1,1,0,1,1,0,0,0,0,0,0,0,0,0,0,0,0,0,0,29,0,0
1984,Field,0,0,0,1,2,1,Places,7,1,1,0,1,1,1,1,1,0,0,0,0,0,1,0,0,0,0,0,38,0,0
1984,Lange,0,0,0,1,3,2,Country,1,0,0,0,1,2,1,1,0,0,0,0,0,0,0,0,0,0,0,0,35,0,0
1984,RedgraveV,0,0,0,1,4,2,Bostonians,2,0,0,0,1,4,1,3,0,0,0,0,0,0,0,0,0,0,0,0,47,0,0
1984,Spacek,0,0,0,1,5,2,River,5,0,0,0,1,3,1,3,1,0,0,0,0,0,0,0,0,0,0,0,35,0,0
1983,Chill,1,0,0,0,1,2,Chill,3,1,0,0,0,0,0,0,0,0,0,0,0,0,0,0,0,0,0,0,0,105,192
1983,Dresser,1,0,0,0,2,2,Dresser,5,1,1,2,0,0,0,0,0,0,0,0,0,0,0,0,0,0,0,0,0,118,125
1983,Stuff,1,0,0,0,3,2,Stuff,8,1,0,0,0,0,0,0,0,0,0,0,0,0,0,0,0,0,0,0,0,193,213
1983,Tender,1,0,0,0,4,2,Tender,5,1,1,1,0,0,0,0,0,0,0,0,0,0,0,0,0,0,0,0,0,92,402
1983,Terms,1,0,0,0,5,1,Terms,11,1,1,0,2,0,0,0,0,1,0,0,0,0,0,0,1,0,0,0,0,132,138
1983,Beresford,0,1,0,0,1,2,Tender,5,1,1,1,0,0,0,0,0,0,0,0,0,0,0,0,0,0,0,0,0,0,0
1983,Bergman,0,1,0,0,2,2,Fanny,6,0,1,0,0,2,0,0,0,0,0,0,0,0,0,0,0,0,0,0,0,0,0
1983,BrooksJL,0,1,0,0,3,1,Terms,11,1,1,0,2,0,0,0,0,0,0,0,0,0,0,0,0,1,0,0,0,0,0
1983,Nichols,0,1,0,0,4,2,Silkwood,5,0,1,0,1,2,1,0,0,0,0,0,0,0,0,0,0,0,0,0,0,0,0
1983,Yates,0,1,0,0,5,2,Dresser,5,1,1,2,0,1,0,0,0,0,0,0,0,0,0,0,0,0,0,0,0,0,0
1983,Caine,0,0,1,0,1,2,Rita,3,0,0,1,1,2,0,2,0,0,0,0,0,1,0,0,0,0,0,0,50,0,0
1983,Conti,0,0,1,0,2,2,Reuben,2,0,0,1,0,0,0,0,0,0,0,0,0,0,0,0,0,0,0,0,42,0,0
1983,Courtenay,0,0,1,0,3,2,Dresser,5,1,1,2,0,1,0,0,0,0,0,0,1,0,0,0,0,0,0,0,46,0,0
1983,Duvall,0,0,1,0,4,1,Tender,5,1,1,1,0,3,0,1,0,0,0,0,1,0,0,0,0,0,0,0,52,0,0
1983,Finney,0,0,1,0,5,2,Dresser,5,1,1,2,0,2,0,2,0,0,0,0,0,0,0,0,0,0,0,0,47,0,0
1983,Alexander,0,0,0,1,1,2,Testament,1,0,0,0,1,3,0,1,0,0,0,0,0,0,0,0,0,0,0,0,44,0,0
1983,MacLaine,0,0,0,1,2,1,Terms,11,1,1,0,2,4,0,4,0,0,0,0,0,0,1,0,0,0,0,0,49,0,0
1983,Streep,0,0,0,1,3,2,Silkwood,5,0,1,0,1,4,2,2,1,0,0,0,0,0,0,0,0,0,0,0,34,0,0
1983,Walters,0,0,0,1,4,2,Rita,3,0,0,1,1,0,0,0,0,0,0,0,0,0,0,1,0,0,0,0,33,0,0
1983,Winger,0,0,0,1,5,2,Terms,11,1,1,0,2,1,0,1,0,0,0,0,0,0,0,0,0,0,0,0,28,0,0
1982,ET,1,0,0,0,1,2,ET,9,1,1,0,0,0,0,0,0,1,0,0,0,0,0,0,0,0,0,0,0,115,304
1982,Gandhi,1,0,0,0,2,1,Gandhi,11,1,1,1,0,0,0,0,0,0,0,0,0,0,0,0,1,0,0,0,0,188,124
1982,Missing,1,0,0,0,3,2,Missing,4,1,0,1,1,0,0,0,0,0,0,0,0,0,0,0,0,0,0,0,0,122,423
1982,Tootsie,1,0,0,0,4,2,Tootsie,10,1,1,1,0,0,0,0,0,0,1,0,0,0,0,0,0,0,0,0,0,119,115
1982,Verdict,1,0,0,0,5,2,Verdict,5,1,1,1,0,0,0,0,0,0,0,0,0,0,0,0,0,0,0,0,0,129,124
1982,Attenborough,0,1,0,0,1,1,Gandhi,11,1,1,1,0,0,0,0,0,0,0,1,0,0,0,0,0,1,0,0,0,0,0
1982,Lumet,0,1,0,0,2,2,Verdict,5,1,1,1,0,3,0,0,0,0,0,0,0,0,0,0,0,0,0,0,0,0,0
1982,Petersen,0,1,0,0,3,2,Boot,6,0,1,0,0,0,0,0,0,0,0,0,0,0,0,0,0,0,0,0,0,0,0
1982,Pollack,0,1,0,0,4,2,Tootsie,10,1,1,1,0,1,0,0,0,0,0,0,0,0,0,0,0,0,0,0,0,0,0
1982,Spielberg,0,1,0,0,5,2,ET,9,1,1,0,0,2,0,0,0,0,0,0,0,0,0,0,0,0,0,0,0,0,0
1982,Hoffman,0,0,1,0,1,2,Tootsie,10,1,1,1,0,4,1,4,1,0,0,0,0,1,0,0,0,0,0,0,45,0,0
1982,Kingsley,0,0,1,0,2,1,Gandhi,11,1,1,1,0,0,0,0,0,0,0,0,1,0,0,0,0,0,0,0,39,0,0
1982,Lemmon,0,0,1,0,3,2,Missing,4,1,0,1,1,7,2,6,1,0,0,0,0,0,0,0,0,0,0,0,57,0,0
1982,Newman,0,0,1,0,4,2,Verdict,5,1,1,1,0,5,0,5,0,0,0,0,0,0,0,0,0,0,0,0,57,0,0
1982,OToole,0,0,1,0,5,2,Favorite,1,0,0,1,0,6,0,6,0,0,0,0,0,0,0,0,0,0,0,0,50,0,0
1982,Andrews,0,0,0,1,1,2,Victor,7,0,0,0,1,2,1,2,1,0,0,0,0,0,0,1,0,0,0,0,47,0,0
1982,Lange,0,0,0,1,2,2,Frances,2,0,0,0,1,0,0,0,0,0,0,0,0,0,0,0,0,0,0,0,33,0,0
1982,Spacek,0,0,0,1,3,2,Missing,4,1,0,1,1,2,1,2,1,0,0,0,0,0,0,0,0,0,0,0,33,0,0
1982,Streep,0,0,0,1,4,1,Sophie,5,0,0,0,1,3,1,1,0,0,0,0,0,0,1,0,0,0,0,0,33,0,0
1982,Winger,0,0,0,1,5,2,Officer,6,0,0,0,1,0,0,0,0,0,0,0,0,0,0,0,0,0,0,0,27,0,0
1981,Atlantic,1,0,0,0,1,2,Atlantic,5,1,1,1,1,0,0,0,0,0,0,0,0,0,0,0,0,0,0,0,0,104,360
1981,Chariots,1,0,0,0,2,1,Chariots,7,1,1,0,0,0,0,0,0,0,0,0,0,0,0,0,0,0,0,0,0,123,171
1981,Golden,1,0,0,0,3,2,Golden,10,1,1,1,1,0,0,0,0,1,0,0,0,0,0,0,0,0,0,0,0,109,66
1981,Raiders,1,0,0,0,4,2,Raiders,9,1,1,0,0,0,0,0,0,0,0,0,0,0,0,0,0,0,0,0,0,115,290
1981,Reds,1,0,0,0,5,2,Reds,12,1,1,1,1,0,0,0,0,0,0,0,0,0,0,0,1,0,0,0,0,194,115
1981,Beatty,0,1,0,0,1,1,Reds,12,1,1,1,1,1,0,0,0,0,0,1,0,0,0,0,0,1,0,0,0,0,0
1981,Hudson,0,1,0,0,2,2,Chariots,7,1,1,0,0,0,0,0,0,0,0,0,0,0,0,0,0,0,0,0,0,0,0
1981,Malle,0,1,0,0,3,2,Atlantic,5,1,1,1,1,0,0,0,0,0,0,0,0,0,0,0,0,0,0,0,0,0,0
1981,Rydell,0,1,0,0,4,2,Golden,10,1,1,1,1,0,0,0,0,0,0,0,0,0,0,0,0,0,0,0,0,0,0
1981,Spielberg,0,1,0,0,5,2,Raiders,9,1,1,0,0,1,0,0,0,0,0,0,0,0,0,0,0,0,0,0,0,0,0
1981,Beatty,0,0,1,0,1,2,Reds,12,1,1,1,1,2,0,2,0,0,0,0,0,0,0,0,0,0,0,0,44,0,0
1981,FondaH,0,0,1,0,2,1,Golden,10,1,1,1,1,1,0,1,0,0,0,0,1,0,0,0,0,0,0,0,76,0,0
1981,Lancaster,0,0,1,0,3,2,Atlantic,5,1,1,1,1,3,1,3,1,0,0,0,0,0,0,0,0,0,0,0,68,0,0
1981,MooreD,0,0,1,0,4,2,Arthur,4,0,0,1,0,0,0,0,0,0,0,0,0,1,0,0,0,0,0,0,46,0,0
1981,Newman,0,0,1,0,5,2,Absence,3,0,0,1,0,4,0,4,0,0,0,0,0,0,0,0,0,0,0,0,56,0,0
1981,HepburnK,0,0,0,1,1,1,Golden,10,1,1,1,1,11,3,11,3,0,0,0,0,0,0,0,0,0,0,0,74,0,0
1981,Keaton,0,0,0,1,2,2,Reds,12,1,1,1,1,1,1,1,1,0,0,0,0,0,0,0,0,0,0,0,35,0,0
1981,Mason,0,0,0,1,3,2,Laugh,3,0,0,0,1,3,0,3,0,0,0,0,0,0,0,0,0,0,0,0,39,0,0
1981,Sarandon,0,0,0,1,4,2,Atlantic,5,1,1,1,1,0,0,0,0,0,0,0,0,0,0,0,0,0,0,0,35,0,0
1981,Streep,0,0,0,1,5,2,French,5,0,0,0,1,2,1,0,0,0,0,0,0,0,1,0,0,0,0,0,32,0,0
1980,Coal,1,0,0,0,1,2,Coal,7,1,0,0,1,0,0,0,0,0,1,0,0,0,0,0,0,0,0,0,0,125,403
1980,Elephant,1,0,0,0,2,2,Elephant,8,1,1,1,0,0,0,0,0,0,0,0,0,0,0,0,0,0,0,0,0,124,172
1980,Ordinary,1,0,0,0,3,1,Ordinary,6,1,1,0,1,0,0,0,0,1,0,0,0,0,0,0,1,0,0,0,0,124,186
1980,Raging,1,0,0,0,4,2,Raging,8,1,1,1,0,0,0,0,0,0,0,0,0,0,0,0,0,0,0,0,0,129,102
1980,Tess,1,0,0,0,5,2,Tess,6,1,1,0,0,0,0,0,0,0,0,0,0,0,0,0,0,0,0,0,0,190,109
1980,Lynch,0,1,0,0,1,2,Elephant,8,1,1,1,0,0,0,0,0,0,0,0,0,0,0,0,0,0,0,0,0,0,0
1980,Polanski,0,1,0,0,2,2,Tess,6,1,1,0,0,1,0,0,0,0,0,0,0,0,0,0,0,0,0,0,0,0,0
1980,Redford,0,1,0,0,3,1,Ordinary,6,1,1,0,1,0,0,0,0,0,0,1,0,0,0,0,0,1,0,0,0,0,0
1980,Rush,0,1,0,0,4,2,Stunt,3,0,1,1,0,0,0,0,0,0,0,0,0,0,0,0,0,0,0,0,0,0,0
1980,Scorsese,0,1,0,0,5,2,Raging,8,1,1,1,0,0,0,0,0,0,0,0,0,0,0,0,0,0,0,0,0,0,0
1980,DeNiro,0,0,1,0,1,1,Raging,8,1,1,1,0,3,1,2,0,0,0,0,1,0,0,0,0,0,0,0,37,0,0
1980,Duvall,0,0,1,0,2,2,Santini,2,0,0,1,0,2,0,0,0,0,0,0,0,0,0,0,0,0,0,0,49,0,0
1980,HurtJ,0,0,1,0,3,2,Elephant,8,1,1,1,0,1,0,0,0,0,0,0,0,0,0,0,0,0,0,0,40,0,0
1980,Lemmon,0,0,1,0,4,2,Tribute,1,0,0,1,0,6,2,5,1,0,0,0,0,0,0,0,0,0,0,0,55,0,0
1980,OToole,0,0,1,0,5,2,Stunt,3,0,1,1,0,5,0,5,0,0,0,0,0,0,0,0,0,0,0,0,48,0,0
1980,Burstyn,0,0,0,1,1,2,Resurrection,2,0,0,0,1,4,1,3,1,0,0,0,0,0,0,0,0,0,0,0,48,0,0
1980,Hawn,0,0,0,1,2,2,Benjamin,3,0,0,0,1,1,1,0,0,0,0,0,0,0,0,0,0,0,0,0,35,0,0
1980,MooreMT,0,0,0,1,3,2,Ordinary,6,1,1,0,1,0,0,0,0,0,0,0,0,0,1,0,0,0,0,0,44,0,0
1980,Rowlands,0,0,0,1,4,2,Gloria,1,0,0,0,1,1,0,1,0,0,0,0,0,0,0,0,0,0,0,0,50,0,0
1980,Spacek,0,0,0,1,5,1,Coal,7,1,0,0,1,1,0,1,0,0,0,0,0,0,0,1,0,0,0,0,31,0,0
1979,Apocalypse,1,0,0,0,1,2,Apocalypse,8,1,1,0,0,0,0,0,0,0,0,0,0,0,0,0,0,0,0,0,0,153,243
1979,Breaking,1,0,0,0,2,2,Breaking,5,1,1,0,0,0,0,0,0,0,1,0,0,0,0,0,0,0,0,0,0,100,276
1979,Jazz,1,0,0,0,3,2,Jazz,9,1,1,1,0,0,0,0,0,0,0,0,0,0,0,0,0,0,0,0,0,123,116
1979,Kramer,1,0,0,0,4,1,Kramer,9,1,1,1,0,0,0,0,0,1,0,0,0,0,0,0,1,0,0,0,0,105,119
1979,Norma,1,0,0,0,5,2,Norma,4,1,0,0,1,0,0,0,0,0,0,0,0,0,0,0,0,0,0,0,0,110,409
1979,Benton,0,1,0,0,1,1,Kramer,9,1,1,1,0,0,0,0,0,0,0,0,0,0,0,0,0,1,0,0,0,0,0
1979,CoppolaFF,0,1,0,0,2,2,Apocalypse,8,1,1,0,0,2,1,0,0,0,0,1,0,0,0,0,0,0,0,0,0,0,0
1979,Fosse,0,1,0,0,3,2,Jazz,9,1,1,1,0,2,1,0,0,0,0,0,0,0,0,0,0,0,0,0,0,0,0
1979,Molinaro,0,1,0,0,4,2,Cage,3,0,1,0,0,0,0,0,0,0,0,0,0,0,0,0,0,0,0,0,0,0,0
1979,Yates,0,1,0,0,5,2,Breaking,5,1,1,0,0,0,0,0,0,0,0,0,0,0,0,0,0,0,0,0,0,0,0
1979,Hoffman,0,0,1,0,1,1,Kramer,9,1,1,1,0,3,0,3,0,0,0,0,1,0,0,0,0,0,0,0,42,0,0
1979,Lemmon,0,0,1,0,2,2,China,4,0,0,1,1,5,2,4,1,0,0,0,0,0,0,0,0,0,0,0,54,0,0
1979,Pacino,0,0,1,0,3,2,Justice,2,0,0,1,0,4,0,3,0,0,0,0,0,0,0,0,0,0,0,0,39,0,0
1979,Scheider,0,0,1,0,4,2,Jazz,9,1,1,1,0,1,0,0,0,0,0,0,0,0,0,0,0,0,0,0,47,0,0
1979,Sellers,0,0,1,0,5,2,Being,2,0,0,1,0,1,0,1,0,0,0,0,0,1,0,0,0,0,0,0,54,0,0
1979,Clayburgh,0,0,0,1,1,2,Starting,2,0,0,0,1,1,0,1,0,0,0,0,0,0,0,0,0,0,0,0,35,0,0
1979,Field,0,0,0,1,2,1,Norma,4,1,0,0,1,0,0,0,0,0,0,0,0,0,1,0,0,0,0,0,33,0,0
1979,FondaJ,0,0,0,1,3,2,China,4,0,0,1,1,4,2,4,2,0,0,0,0,0,0,0,0,0,0,0,42,0,0
1979,Mason,0,0,0,1,4,2,Chapter,1,0,0,0,1,2,0,2,0,0,0,0,0,0,0,0,0,0,0,0,37,0,0
1979,Midler,0,0,0,1,5,2,Rose,4,0,0,0,1,0,0,0,0,0,0,0,0,0,0,1,0,0,0,0,34,0,0
1978,Coming,1,0,0,0,1,2,Coming,8,1,1,1,1,0,0,0,0,0,0,0,0,0,0,0,0,0,0,0,0,126,418
1978,Deer,1,0,0,0,2,1,Deer,9,1,1,1,0,0,0,0,0,0,0,0,0,0,0,0,1,0,0,0,0,182,122
1978,Heaven,1,0,0,0,3,2,Heaven,9,1,1,1,0,0,0,0,0,0,1,0,0,0,0,0,0,0,0,0,0,101,285
1978,Midnight,1,0,0,0,4,2,Midnight,6,1,1,0,0,0,0,0,0,1,0,0,0,0,0,0,0,0,0,0,0,121,185
1978,Unmarried,1,0,0,0,5,2,Unmarried,3,1,0,0,1,0,0,0,0,0,0,0,0,0,0,0,0,0,0,0,0,124,400
1978,Allen,0,1,0,0,1,2,Interiors,5,0,1,0,1,1,1,0,0,0,0,0,0,0,0,0,0,0,0,0,0,0,0
1978,Ashby,0,1,0,0,2,2,Coming,8,1,1,1,1,0,0,0,0,0,0,0,0,0,0,0,0,0,0,0,0,0,0
1978,BeattyHenry,0,1,0,0,3,2,Heaven,9,1,1,1,0,0,0,0,0,0,0,0,0,0,0,0,0,0,0,0,0,0,0
1978,Cimino,0,1,0,0,4,1,Deer,9,1,1,1,0,0,0,0,0,0,0,1,0,0,0,0,0,1,0,0,0,0,0
1978,Parker,0,1,0,0,5,2,Midnight,6,1,1,0,0,0,0,0,0,0,0,0,0,0,0,0,0,0,0,0,0,0,0
1978,Beatty,0,0,1,0,1,2,Heaven,9,1,1,1,0,1,0,1,0,0,0,0,0,1,0,0,0,0,0,0,41,0,0
1978,Busey,0,0,1,0,2,2,Buddy,3,0,0,1,0,0,0,0,0,0,0,0,0,0,0,0,0,0,0,0,34,0,0
1978,DeNiro,0,0,1,0,3,2,Deer,9,1,1,1,0,2,1,1,0,0,0,0,0,0,0,0,0,0,0,0,35,0,0
1978,Olivier,0,0,1,0,4,2,Brazil,3,0,0,1,0,9,1,8,1,0,0,0,0,0,0,0,0,0,0,0,71,0,0
1978,Voight,0,0,1,0,5,1,Coming,8,1,1,1,1,1,0,1,0,0,0,0,1,0,0,0,0,0,0,0,40,0,0
1978,Bergman,0,0,0,1,1,2,Autumn,2,0,0,0,1,6,3,5,2,0,0,0,0,0,0,0,0,0,0,0,63,0,0
1978,Burstyn,0,0,0,1,2,2,Same,4,0,0,0,1,3,1,2,1,0,0,0,0,0,0,1,0,0,0,0,46,0,0
1978,Clayburgh,0,0,0,1,3,2,Unmarried,3,1,0,0,1,0,0,0,0,0,0,0,0,0,0,0,0,0,0,0,34,0,0
1978,FondaJ,0,0,0,1,4,1,Coming,8,1,1,1,1,3,1,3,1,0,0,0,0,0,1,0,0,0,0,0,41,0,0
1978,Page,0,0,0,1,5,2,Interiors,5,0,1,0,1,5,0,2,0,0,0,0,0,0,0,0,0,0,0,0,54,0,0
1977,Annie,1,0,0,0,1,1,Annie,5,1,1,1,1,0,0,0,0,0,0,0,0,0,0,0,1,0,0,0,0,93,348
1977,Goodbye,1,0,0,0,2,2,Goodbye,5,1,0,1,1,0,0,0,0,0,1,0,0,0,0,0,0,0,0,0,0,110,124
1977,Julia,1,0,0,0,3,2,Julia,11,1,1,0,1,0,0,0,0,0,0,0,0,0,0,0,0,0,0,0,0,118,183
1977,Star,1,0,0,0,4,2,Star,11,1,1,0,0,0,0,0,0,0,0,0,0,0,0,0,0,0,0,0,0,121,313
1977,Turning,1,0,0,0,5,2,Turning,11,1,1,0,2,0,0,0,0,1,0,0,0,0,0,0,0,0,0,0,0,119,140
1977,Allen,0,1,0,0,1,1,Annie,5,1,1,1,1,0,0,0,0,0,0,0,0,0,0,0,0,1,0,0,0,0,0
1977,Lucas,0,1,0,0,2,2,Star,11,1,1,0,0,1,0,0,0,0,0,0,0,0,0,0,0,0,0,0,0,0,0
1977,Ross,0,1,0,0,3,2,Turning,11,1,1,0,2,0,0,0,0,0,0,1,0,0,0,0,0,0,0,0,0,0,0
1977,Spielberg,0,1,0,0,4,2,Close,9,0,1,0,0,0,0,0,0,0,0,0,0,0,0,0,0,0,0,0,0,0,0
1977,Zinneman,0,1,0,0,5,2,Julia,11,1,1,0,1,6,2,0,0,0,0,0,0,0,0,0,0,0,0,0,0,0,0
1977,Allen,0,0,1,0,1,2,Annie,5,1,1,1,1,0,0,0,0,0,0,0,0,0,0,0,0,0,0,0,42,0,0
1977,Burton,0,0,1,0,2,2,Equus,3,0,0,1,0,6,0,5,0,0,0,0,1,0,0,0,0,0,0,0,52,0,0
1977,Dreyfuss,0,0,1,0,3,1,Goodbye,5,1,0,1,1,0,0,0,0,0,0,0,0,1,0,0,0,0,0,0,30,0,0
1977,Mastroianni,0,0,1,0,4,2,Special,2,0,0,1,0,1,0,1,0,0,0,0,0,0,0,0,0,0,0,0,53,0,0
1977,Travolta,0,0,1,0,5,2,Saturday,1,0,0,1,0,0,0,0,0,0,0,0,0,0,0,0,0,0,0,0,23,0,0
1977,Bancroft,0,0,0,1,1,2,Turning,11,1,1,0,2,3,1,3,1,0,0,0,0,0,0,0,0,0,0,0,46,0,0
1977,FondaJ,0,0,0,1,2,2,Julia,11,1,1,0,1,2,1,2,1,0,0,0,0,0,1,0,0,0,0,0,40,0,0
1977,Keaton,0,0,0,1,3,1,Annie,5,1,1,1,1,0,0,0,0,0,0,0,0,0,0,1,0,0,0,0,31,0,0
1977,MacLaine,0,0,0,1,4,2,Turning,11,1,1,0,2,3,0,3,0,0,0,0,0,0,0,0,0,0,0,0,43,0,0
1977,Mason,0,0,0,1,5,2,Goodbye,5,1,0,1,1,1,0,1,0,0,0,0,0,0,0,1,0,0,0,0,35,0,0
1976,Bound,1,0,0,0,1,2,Bound,6,1,0,0,0,0,0,0,0,0,0,0,0,0,0,0,0,0,0,0,0,147,113
1976,Network,1,0,0,0,2,2,Network,10,1,1,2,1,0,0,0,0,0,0,0,0,0,0,0,0,0,0,0,0,121,121
1976,President,1,0,0,0,3,2,President,8,1,1,0,0,0,0,0,0,0,0,0,0,0,0,0,0,0,0,0,0,138,355
1976,Rocky,1,0,0,0,4,1,Rocky,10,1,1,1,1,0,0,0,0,1,0,0,0,0,0,0,1,0,0,0,0,119,117
1976,Taxi,1,0,0,0,5,2,Taxi,4,1,0,1,0,0,0,0,0,0,0,0,0,0,0,0,0,0,0,0,0,113,414
1976,Avildsen,0,1,0,0,1,1,Rocky,10,1,1,1,1,0,0,0,0,0,0,0,0,0,0,0,0,1,0,0,0,0,0
1976,Bergman,0,1,0,0,2,2,Face,2,0,1,0,1,1,0,0,0,0,0,0,0,0,0,0,0,0,0,0,0,0,0
1976,Lumet,0,1,0,0,3,2,Network,10,1,1,2,1,2,0,0,0,0,0,1,0,0,0,0,0,0,0,0,0,0,0
1976,Pakula,0,1,0,0,4,2,President,8,1,1,0,0,0,0,0,0,0,0,0,0,0,0,0,0,0,0,0,0,0,0
1976,Wertmuller,0,1,0,0,5,2,Seven,4,0,1,1,0,0,0,0,0,0,0,0,0,0,0,0,0,0,0,0,0,0,0
1976,DeNiro,0,0,1,0,1,2,Taxi,4,1,0,1,0,1,1,0,0,0,0,0,0,0,0,0,0,0,0,0,33,0,0
1976,Finch,0,0,1,0,2,1,Network,10,1,1,2,1,1,0,1,0,0,0,0,1,0,0,0,0,0,0,0,60,0,0
1976,Giannini,0,0,1,0,3,2,Seven,4,0,1,1,0,0,0,0,0,0,0,0,0,0,0,0,0,0,0,0,34,0,0
1976,Holden,0,0,1,0,4,2,Network,10,1,1,2,1,2,1,2,1,0,0,0,0,0,0,0,0,0,0,0,58,0,0
1976,Stallone,0,0,1,0,5,2,Rocky,10,1,1,1,1,0,0,0,0,0,0,0,0,0,0,0,0,0,0,0,30,0,0
1976,Barrault,0,0,0,1,1,2,Cousin,3,0,0,0,1,0,0,0,0,0,0,0,0,0,0,0,0,0,0,0,32,0,0
1976,Dunaway,0,0,0,1,2,1,Network,10,1,1,2,1,2,0,2,0,0,0,0,0,0,1,0,0,0,0,0,35,0,0
1976,Shire,0,0,0,1,3,2,Rocky,10,1,1,1,1,1,0,0,0,0,0,0,0,0,0,0,0,0,0,0,30,0,0
1976,Spacek,0,0,0,1,4,2,Carrie,2,0,0,0,1,0,0,0,0,0,0,0,0,0,0,0,0,0,0,0,27,0,0
1976,Ullman,0,0,0,1,5,2,Face,2,0,1,0,1,1,0,1,0,0,0,0,0,0,0,0,0,0,0,0,38,0,0
1975,Cuckoo,1,0,0,0,1,1,Cuckoo,9,1,1,1,1,0,0,0,0,1,0,0,0,0,0,0,1,0,0,0,0,133,131
1975,Dog,1,0,0,0,2,2,Dog,6,1,1,1,0,0,0,0,0,0,0,0,0,0,0,0,0,0,0,0,0,124,190
1975,Jaws,1,0,0,0,3,2,Jaws,4,1,0,0,0,0,0,0,0,0,0,0,0,0,0,0,0,0,0,0,0,124,283
1975,Lyndon,1,0,0,0,4,2,Lyndon,7,1,1,0,0,0,0,0,0,0,0,0,0,0,0,0,0,0,0,0,0,184,102
1975,Nashville,1,0,0,0,5,2,Nashville,5,1,1,0,0,0,0,0,0,0,0,0,0,0,0,0,0,0,0,0,0,159,292
1975,Altman,0,1,0,0,1,2,Nashville,5,1,1,0,0,1,0,0,0,0,0,0,0,0,0,0,0,0,0,0,0,0,0
1975,Fellini,0,1,0,0,2,2,Amarcord,2,0,1,0,0,3,0,0,0,0,0,0,0,0,0,0,0,0,0,0,0,0,0
1975,Forman,0,1,0,0,3,1,Cuckoo,9,1,1,1,1,0,0,0,0,0,0,1,0,0,0,0,0,1,0,0,0,0,0
1975,Kubrick,0,1,0,0,4,2,Lyndon,7,1,1,0,0,3,0,0,0,0,0,0,0,0,0,0,0,0,0,0,0,0,0
1975,Lumet,0,1,0,0,5,2,Dog,6,1,1,1,0,1,0,0,0,0,0,0,0,0,0,0,0,0,0,0,0,0,0
1975,Matthau,0,0,1,0,1,2,Sunshine,4,0,0,1,0,2,1,1,0,0,0,0,0,1,0,0,0,0,0,0,55,0,0
1975,Nicholson,0,0,1,0,2,1,Cuckoo,9,1,1,1,1,4,0,3,0,0,0,0,1,0,0,0,0,0,0,0,38,0,0
1975,Pacino,0,0,1,0,3,2,Dog,6,1,1,1,0,3,0,2,0,0,0,0,0,0,0,0,0,0,0,0,35,0,0
1975,Schell,0,0,1,0,4,2,Glass,1,0,0,1,0,1,1,1,1,0,0,0,0,0,0,0,0,0,0,0,45,0,0
1975,Whitmore,0,0,1,0,5,2,Hell,1,0,0,1,0,1,0,0,0,0,0,0,0,0,0,0,0,0,0,0,54,0,0
1975,Adjani,0,0,0,1,1,2,Adele,1,0,0,0,1,0,0,0,0,0,0,0,0,0,0,0,0,0,0,0,20,0,0
1975,Fletcher,0,0,0,1,2,1,Cuckoo,9,1,1,1,1,0,0,0,0,0,0,0,0,0,1,0,0,0,0,0,41,0,0
1975,Jackson,0,0,0,1,3,2,Hedda,1,0,0,0,1,3,2,3,2,0,0,0,0,0,0,0,0,0,0,0,39,0,0
1975,Kane,0,0,0,1,4,2,Hester,1,0,0,0,1,0,0,0,0,0,0,0,0,0,0,0,0,0,0,0,23,0,0
1975,Margret,0,0,0,1,5,2,Tommy,2,0,0,0,1,1,0,0,0,0,0,0,0,0,0,1,0,0,0,0,34,0,0
1974,Chinatown,1,0,0,0,1,2,Chinatown,11,1,1,1,1,0,0,0,0,1,0,0,0,0,0,0,0,0,0,0,0,131,292
1974,Conversation,1,0,0,0,2,2,Conversation,3,1,0,0,0,0,0,0,0,0,0,0,0,0,0,0,0,0,0,0,0,113,366
1974,Godfather2,1,0,0,0,3,1,Godfather2,11,1,1,1,0,0,0,0,0,0,0,0,0,0,0,0,1,0,0,0,0,200,117
1974,Inferno,1,0,0,0,4,2,Inferno,8,1,0,0,0,0,0,0,0,0,0,0,0,0,0,0,0,0,0,0,0,165,119
1974,Lenny,1,0,0,0,5,2,Lenny,6,1,1,1,1,0,0,0,0,0,0,0,0,0,0,0,0,0,0,0,0,111,149
1974,Cassavetes,0,1,0,0,1,2,Woman,2,0,1,0,1,0,0,0,0,0,0,0,0,0,0,0,0,0,0,0,0,0,0
1974,CoppolaFF,0,1,0,0,2,1,Godfather2,11,1,1,1,0,1,0,0,0,0,0,0,0,0,0,0,0,1,0,0,0,0,0
1974,Fosse,0,1,0,0,3,2,Lenny,6,1,1,1,1,1,1,0,0,0,0,0,0,0,0,0,0,0,0,0,0,0,0
1974,Polanski,0,1,0,0,4,2,Chinatown,11,1,1,1,1,0,0,0,0,0,0,1,0,0,0,0,0,0,0,0,0,0,0
1974,Truffaut,0,1,0,0,5,2,Day,3,0,1,0,0,0,0,0,0,0,0,0,0,0,0,0,0,0,0,0,0,0,0
1974,Carney,0,0,1,0,1,1,Harry,2,0,0,1,0,0,0,0,0,0,0,0,0,1,0,0,0,0,0,0,56,0,0
1974,Finney,0,0,1,0,2,2,Orient,6,0,0,1,0,1,0,1,0,0,0,0,0,0,0,0,0,0,0,0,38,0,0
1974,Hoffman,0,0,1,0,3,2,Lenny,6,1,1,1,1,2,0,2,0,0,0,0,0,0,0,0,0,0,0,0,37,0,0
1974,Nicholson,0,0,1,0,4,2,Chinatown,11,1,1,1,1,3,0,2,0,0,0,0,1,0,0,0,0,0,0,0,37,0,0
1974,Pacino,0,0,1,0,5,2,Godfather2,11,1,1,1,0,2,0,1,0,0,0,0,0,0,0,0,0,0,0,0,34,0,0
1974,Burstyn,0,0,0,1,1,1,Alice,3,0,0,0,1,2,0,1,0,0,0,0,0,0,0,0,0,0,0,0,42,0,0
1974,CarrollD,0,0,0,1,2,2,Claudine,1,0,0,0,1,0,0,0,0,0,0,0,0,0,0,0,0,0,0,0,39,0,0
1974,Dunaway,0,0,0,1,3,2,Chinatown,11,1,1,1,1,1,0,1,0,0,0,0,0,0,0,0,0,0,0,0,33,0,0
1974,Perrine,0,0,0,1,4,2,Lenny,6,1,1,1,1,0,0,0,0,0,0,0,0,0,0,0,0,0,0,0,31,0,0
1974,Rowlands,0,0,0,1,5,2,Woman,2,0,1,0,1,0,0,0,0,0,0,0,0,0,1,0,0,0,0,0,44,0,0
1973,Cries,1,0,0,0,1,2,Cries,5,1,1,0,0,0,0,0,0,0,0,0,0,0,0,0,0,0,0,0,0,106,467
1973,Exorcist,1,0,0,0,2,2,Exorcist,10,1,1,0,1,0,0,0,0,1,0,0,0,0,0,0,0,0,0,0,0,122,97
1973,Graffiti,1,0,0,0,3,2,Graffiti,5,1,1,0,0,0,0,0,0,0,1,0,0,0,0,0,0,0,0,0,0,110,244
1973,Sting,1,0,0,0,4,1,Sting,10,1,1,1,0,0,0,0,0,0,0,0,0,0,0,0,1,0,0,0,0,129,98
1973,Touch,1,0,0,0,5,2,Touch,5,1,0,0,1,0,0,0,0,0,0,0,0,0,0,0,0,0,0,0,0,106,286
1973,Bergman,0,1,0,0,1,2,Cries,5,1,1,0,0,0,0,0,0,0,0,0,0,0,0,0,0,0,0,0,0,0,0
1973,Bertolucci,0,1,0,0,2,2,Tango,2,0,1,1,0,0,0,0,0,0,0,0,0,0,0,0,0,0,0,0,0,0,0
1973,Friedkin,0,1,0,0,3,2,Exorcist,10,1,1,0,1,1,1,0,0,0,0,1,0,0,0,0,0,0,0,0,0,0,0
1973,Hill,0,1,0,0,4,1,Sting,10,1,1,1,0,1,0,0,0,0,0,0,0,0,0,0,0,1,0,0,0,0,0
1973,Lucas,0,1,0,0,5,2,Graffiti,5,1,1,0,0,0,0,0,0,0,0,0,0,0,0,0,0,0,0,0,0,0,0
1973,Brando,0,0,1,0,1,2,Tango,2,0,1,1,0,6,2,6,2,0,0,0,0,0,0,0,0,0,0,0,49,0,0
1973,Lemmon,0,0,1,0,2,1,Tiger,3,0,0,1,0,4,1,3,0,0,0,0,0,0,0,0,0,0,0,0,48,0,0
1973,Nicholson,0,0,1,0,3,2,Detail,3,0,0,1,0,2,0,1,0,0,0,0,0,0,0,0,0,0,0,0,36,0,0
1973,Pacino,0,0,1,0,4,2,Serpico,2,0,0,1,0,1,0,0,0,0,0,0,1,0,0,0,0,0,0,0,33,0,0
1973,Redford,0,0,1,0,5,2,Sting,10,1,1,1,0,0,0,0,0,0,0,0,0,0,0,0,0,0,0,0,36,0,0
1973,Burstyn,0,0,0,1,1,2,Exorcist,10,1,1,0,1,1,0,0,0,0,0,0,0,0,0,0,0,0,0,0,41,0,0
1973,Jackson,0,0,0,1,2,1,Touch,5,1,0,0,1,2,1,2,1,0,0,0,0,0,0,1,0,0,0,0,37,0,0
1973,Mason,0,0,0,1,3,2,Cinderella,3,0,0,0,1,0,0,0,0,0,0,0,0,0,1,0,0,0,0,0,31,0,0
1973,Streisand,0,0,0,1,4,2,Way,6,0,0,0,1,1,1,1,1,0,0,0,0,0,0,0,0,0,0,0,31,0,0
1973,Woodward,0,0,0,1,5,2,Summer,2,0,0,0,1,2,1,2,1,0,0,0,0,0,0,0,0,0,0,0,43,0,0
1972,Cabaret,1,0,0,0,1,2,Cabaret,10,1,1,0,1,0,0,0,0,0,1,0,0,0,0,0,0,0,0,0,0,124,408
1972,Deliverance,1,0,0,0,2,2,Deliverance,3,1,1,0,0,0,0,0,0,0,0,0,0,0,0,0,0,0,0,0,0,109,240
1972,Emigrants,1,0,0,0,3,2,Emigrants,4,1,1,0,1,0,0,0,0,0,0,0,0,0,0,0,0,0,0,0,0,151,184
1972,Godfather,1,0,0,0,4,1,Godfather,10,1,1,1,0,0,0,0,0,1,0,0,0,0,0,0,1,0,0,0,0,175,377
1972,Sounder,1,0,0,0,5,2,Sounder,4,1,0,1,1,0,0,0,0,0,0,0,0,0,0,0,0,0,0,0,0,105,184
1972,Boorman,0,1,0,0,1,2,Deliverance,3,1,1,0,0,0,0,0,0,0,0,0,0,0,0,0,0,0,0,0,0,0,0
1972,CoppolaFF,0,1,0,0,2,2,Godfather,10,1,1,1,0,0,0,0,0,0,0,1,0,0,0,0,0,1,0,0,0,0,0
1972,Fosse,0,1,0,0,3,1,Cabaret,10,1,1,0,1,0,0,0,0,0,0,0,0,0,0,0,0,0,0,0,0,0,0
1972,Mankiewicz,0,1,0,0,4,2,Sleuth,4,0,1,2,0,3,2,0,0,0,0,0,0,0,0,0,0,0,0,0,0,0,0
1972,Troell,0,1,0,0,5,2,Emigrants,4,1,1,0,1,0,0,0,0,0,0,0,0,0,0,0,0,0,0,0,0,0,0
1972,Brando,0,0,1,0,1,1,Godfather,10,1,1,1,0,5,1,5,1,0,0,0,1,0,0,0,0,0,0,0,48,0,0
1972,Caine,0,0,1,0,2,2,Sleuth,4,0,1,2,0,1,0,1,0,0,0,0,0,0,0,0,0,0,0,0,39,0,0
1972,Olivier,0,0,1,0,3,2,Sleuth,4,0,1,2,0,7,1,7,1,0,0,0,0,0,0,0,0,0,0,0,65,0,0
1972,OToole,0,0,1,0,4,2,Ruling,1,0,0,1,0,4,0,4,0,0,0,0,0,0,0,0,0,0,0,0,40,0,0
1972,Winfield,0,0,1,0,5,2,Sounder,4,1,0,1,1,0,0,0,0,0,0,0,0,0,0,0,0,0,0,0,31,0,0
1972,Minnelli,0,0,0,1,1,1,Cabaret,10,1,1,0,1,1,0,1,0,0,0,0,0,0,0,1,0,0,0,0,26,0,0
1972,Ross,0,0,0,1,2,2,Lady,5,0,0,0,1,0,0,0,0,0,0,0,0,0,0,0,0,0,0,0,28,0,0
1972,Smith,0,0,0,1,3,2,Travels,4,0,0,0,1,2,1,1,1,0,0,0,0,0,0,0,0,0,0,0,38,0,0
1972,Tyson,0,0,0,1,4,2,Sounder,4,1,0,1,1,0,0,0,0,0,0,0,0,0,0,0,0,0,0,0,39,0,0
1972,Ullman,0,0,0,1,5,2,Emigrants,4,1,1,0,1,0,0,0,0,0,0,0,0,0,1,0,0,0,0,0,34,0,0
1971,Clockwork,1,0,0,0,1,2,Clockwork,4,1,1,0,0,0,0,0,0,0,0,0,0,0,0,0,0,0,0,0,0,136,113
1971,Fiddler,1,0,0,0,2,2,Fiddler,8,1,1,1,0,0,0,0,0,0,1,0,0,0,0,0,0,0,0,0,0,181,159
1971,French,1,0,0,0,3,1,French,8,1,1,1,0,0,0,0,0,1,0,0,0,0,0,0,1,0,0,0,0,104,186
1971,Nicholas,1,0,0,0,4,2,Nicholas,6,1,0,0,1,0,0,0,0,0,0,0,0,0,0,0,0,0,0,0,0,183,119
1971,Picture,1,0,0,0,5,2,Picture,8,1,1,0,0,0,0,0,0,0,0,0,0,0,0,0,0,0,0,0,0,118,190
1971,Bogdanovich,0,1,0,0,1,2,Picture,8,1,1,0,0,0,0,0,0,0,0,0,0,0,0,0,0,0,0,0,0,0,0
1971,Friedkin,0,1,0,0,2,1,French,8,1,1,1,0,0,0,0,0,0,0,1,0,0,0,0,0,1,0,0,0,0,0
1971,Jewison,0,1,0,0,3,2,Fiddler,8,1,1,1,0,1,0,0,0,0,0,0,0,0,0,0,0,0,0,0,0,0,0
1971,Kubrick,0,1,0,0,4,2,Clockwork,4,1,1,0,0,2,0,0,0,0,0,0,0,0,0,0,0,0,0,0,0,0,0
1971,Schlesinger,0,1,0,0,5,2,Sunday,4,0,1,1,1,2,1,0,0,0,0,0,0,0,0,0,0,0,0,0,0,0,0
1971,Finch,0,0,1,0,1,2,Sunday,4,0,1,1,1,0,0,0,0,0,0,0,0,0,0,0,0,0,0,0,55,0,0
1971,Hackman,0,0,1,0,2,1,French,8,1,1,1,0,2,0,0,0,0,0,0,1,0,0,0,0,0,0,0,41,0,0
1971,Matthau,0,0,1,0,3,2,Kotch,4,0,0,1,0,1,1,0,0,0,0,0,0,0,0,0,0,0,0,0,51,0,0
1971,Scott,0,0,1,0,4,2,Hospital,2,0,0,1,0,3,1,1,1,0,0,0,0,0,0,0,0,0,0,0,44,0,0
1971,Topol,0,0,1,0,5,2,Fiddler,8,1,1,1,0,0,0,0,0,0,0,0,0,1,0,0,0,0,0,0,36,0,0
1971,Christie,0,0,0,1,1,2,McCabe,1,0,0,0,1,1,1,1,1,0,0,0,0,0,0,0,0,0,0,0,30,0,0
1971,FondaJ,0,0,0,1,2,1,Klute,2,0,0,0,1,1,0,1,0,0,0,0,0,0,1,0,0,0,0,0,34,0,0
1971,Jackson,0,0,0,1,3,2,Sunday,4,0,1,1,1,1,1,1,1,0,0,0,0,0,0,0,0,0,0,0,35,0,0
1971,RedgraveV,0,0,0,1,4,2,Mary,5,0,0,0,1,2,0,2,0,0,0,0,0,0,0,0,0,0,0,0,34,0,0
1971,Suzman,0,0,0,1,5,2,Nicholas,6,1,0,0,1,0,0,0,0,0,0,0,0,0,0,0,0,0,0,0,32,0,0
1970,Airport,1,0,0,0,1,2,Airport,10,1,0,0,0,0,0,0,0,0,0,0,0,0,0,0,0,0,0,0,0,137,406
1970,Five,1,0,0,0,2,2,Five,4,1,0,1,0,0,0,0,0,0,0,0,0,0,0,0,0,0,0,0,0,96,216
1970,Love,1,0,0,0,3,2,Love,7,1,1,1,1,0,0,0,0,1,0,0,0,0,0,0,0,0,0,0,0,99,120
1970,Mash,1,0,0,0,4,2,Mash,5,1,1,0,0,0,0,0,0,0,1,0,0,0,0,0,0,0,0,0,0,116,445
1970,Patton,1,0,0,0,5,1,Patton,10,1,1,1,0,0,0,0,0,0,0,0,0,0,0,0,1,0,0,0,0,170,435
1970,Altman,0,1,0,0,1,2,Mash,5,1,1,0,0,0,0,0,0,0,0,0,0,0,0,0,0,0,0,0,0,0,0
1970,Fellini,0,1,0,0,2,2,Satyricon,1,0,1,0,0,2,0,0,0,0,0,0,0,0,0,0,0,0,0,0,0,0,0
1970,Hiller,0,1,0,0,3,2,Love,7,1,1,1,1,0,0,0,0,0,0,1,0,0,0,0,0,0,0,0,0,0,0
1970,Russell,0,1,0,0,4,2,Women,4,0,1,0,1,0,0,0,0,0,0,0,0,0,0,0,0,0,0,0,0,0,0
1970,Schaffner,0,1,0,0,5,1,Patton,10,1,1,1,0,0,0,0,0,0,0,0,0,0,0,0,0,1,0,0,0,0,0
1970,DouglasMe,0,0,1,0,1,2,Never,3,0,0,1,0,1,1,0,0,0,0,0,0,0,0,0,0,0,0,0,69,0,0
1970,Jones,0,0,1,0,2,2,Great,2,0,0,1,1,0,0,0,0,0,0,0,0,0,0,0,0,0,0,0,39,0,0
1970,Nicholson,0,0,1,0,3,2,Five,4,1,0,1,0,1,0,0,0,0,0,0,0,0,0,0,0,0,0,0,33,0,0
1970,ONeal,0,0,1,0,4,2,Love,7,1,1,1,1,0,0,0,0,0,0,0,0,0,0,0,0,0,0,0,29,0,0
1970,Scott,0,0,1,0,5,1,Patton,10,1,1,1,0,2,0,0,0,0,0,0,1,0,0,0,0,0,0,0,43,0,0
1970,Alexander,0,0,0,1,1,2,Great,2,0,0,1,1,0,0,0,0,0,0,0,0,0,0,0,0,0,0,0,31,0,0
1970,Jackson,0,0,0,1,2,1,Women,4,0,1,0,1,0,0,0,0,0,0,0,0,0,0,0,0,0,0,0,34,0,0
1970,MacGraw,0,0,0,1,3,2,Love,7,1,1,1,1,0,0,0,0,0,0,0,0,0,1,0,0,0,0,0,32,0,0
1970,Miles,0,0,0,1,4,2,Ryan,4,0,0,0,1,0,0,0,0,0,0,0,0,0,0,0,0,0,0,0,29,0,0
1970,Snodgrass,0,0,0,1,5,2,Diary,1,0,0,0,1,0,0,0,0,0,0,0,0,0,0,1,0,0,0,0,24,0,0
1969,Anne,1,0,0,0,1,2,Anne,10,1,0,1,1,0,0,0,0,1,0,0,0,0,0,0,0,0,0,0,0,145,110
1969,Butch,1,0,0,0,2,2,Butch,7,1,1,0,0,0,0,0,0,0,0,0,0,0,0,0,0,0,0,0,0,110,195
1969,Hello,1,0,0,0,3,2,Hello,7,1,0,0,0,0,0,0,0,0,0,0,0,0,0,0,0,0,0,0,0,146,112
1969,Midnight,1,0,0,0,4,1,Midnight,7,1,1,2,0,0,0,0,0,0,0,0,0,0,0,0,1,0,0,0,0,113,317
1969,Z,1,0,0,0,5,2,Z,5,1,1,0,0,0,0,0,0,0,0,0,0,0,0,0,0,0,0,0,0,127,120
1969,CostaGavras,0,1,0,0,1,2,Z,5,1,1,0,0,0,0,0,0,0,0,0,0,0,0,0,0,0,0,0,0,0,0
1969,Hill,0,1,0,0,2,2,Butch,7,1,1,0,0,0,0,0,0,0,0,0,0,0,0,0,0,0,0,0,0,0,0
1969,Penn,0,1,0,0,3,2,Alice,1,0,1,0,0,2,0,0,0,0,0,0,0,0,0,0,0,0,0,0,0,0,0
1969,Pollack,0,1,0,0,4,2,Horses,9,0,1,0,1,0,0,0,0,0,0,0,0,0,0,0,0,0,0,0,0,0,0
1969,Schlesinger,0,1,0,0,5,1,Midnight,7,1,1,2,0,1,0,0,0,0,0,0,0,0,0,0,0,1,0,0,0,0,0
1969,Burton,0,0,1,0,1,2,Anne,10,1,0,1,1,5,0,4,0,0,0,0,0,0,0,0,0,0,0,0,44,0,0
1969,Hoffman,0,0,1,0,2,2,Midnight,7,1,1,2,0,1,0,1,0,0,0,0,0,0,0,0,0,0,0,0,32,0,0
1969,OToole,0,0,1,0,3,2,Goodbye,2,0,0,1,0,3,0,3,0,0,0,0,0,1,0,0,0,0,0,0,37,0,0
1969,Voight,0,0,1,0,4,2,Midnight,7,1,1,2,0,0,0,0,0,0,0,0,0,0,0,0,0,0,0,0,31,0,0
1969,Wayne,0,0,1,0,5,1,Grit,2,0,0,1,0,1,0,1,0,0,0,0,1,0,0,0,0,0,0,0,62,0,0
1969,Bujold,0,0,0,1,1,2,Anne,10,1,0,1,1,0,0,0,0,0,0,0,0,0,1,0,0,0,0,0,27,0,0
1969,FondaJ,0,0,0,1,2,2,Horses,9,0,1,0,1,0,0,0,0,0,0,0,0,0,0,0,0,0,0,0,32,0,0
1969,Minnelli,0,0,0,1,3,2,Sterile,2,0,0,0,1,0,0,0,0,0,0,0,0,0,0,0,0,0,0,0,23,0,0
1969,Simmons,0,0,0,1,4,2,Happy,2,0,0,0,1,1,0,0,0,0,0,0,0,0,0,0,0,0,0,0,40,0,0
1969,Smith,0,0,0,1,5,1,Prime,2,0,0,0,1,1,0,0,0,0,0,0,0,0,0,0,0,0,0,0,35,0,0
1968,Funny,1,0,0,0,1,2,Funny,8,1,0,0,1,0,0,0,0,0,1,0,0,0,0,0,0,0,0,0,0,151,208
1968,Lion,1,0,0,0,2,2,Lion,7,1,1,1,1,0,0,0,0,1,0,0,0,0,0,0,1,0,0,0,0,134,166
1968,Oliver,1,0,0,0,3,1,Oliver,12,1,1,1,0,0,0,0,0,0,0,0,0,0,0,0,0,0,0,0,0,153,125
1968,Rachel,1,0,0,0,4,2,Rachel,4,1,0,0,1,0,0,0,0,0,0,0,0,0,0,0,0,0,0,0,0,101,231
1968,Romeo,1,0,0,0,5,2,Romeo,4,1,1,0,0,0,0,0,0,0,0,0,0,0,0,0,0,0,0,0,0,138,188
1968,Harvey,0,1,0,0,1,2,Lion,7,1,1,1,1,0,0,0,0,0,0,0,0,0,0,0,0,1,0,0,0,0,0
1968,Kubrick,0,1,0,0,2,2,Twothousandandone,4,0,1,0,0,1,0,0,0,0,0,0,0,0,0,0,0,0,0,0,0,0,0
1968,Pontecorvo,0,1,0,0,3,2,Algiers,2,0,1,0,0,0,0,0,0,0,0,0,0,0,0,0,0,0,0,0,0,0,0
1968,Reed,0,1,0,0,4,1,Oliver,12,1,1,1,0,2,0,0,0,0,0,0,0,0,0,0,0,0,0,0,0,0,0
1968,Zeffirelli,0,1,0,0,5,2,Romeo,4,1,1,0,0,0,0,0,0,0,0,0,0,0,0,0,0,0,0,0,0,0,0
1968,Arkin,0,0,1,0,1,2,Heart,2,0,0,1,0,1,0,1,0,0,0,0,0,0,0,0,0,0,0,0,34,0,0
1968,Bates,0,0,1,0,2,2,Fixer,1,0,0,1,0,0,0,0,0,0,0,0,0,0,0,0,0,0,0,0,34,0,0
1968,Moody,0,0,1,0,3,2,Oliver,12,1,1,1,0,0,0,0,0,0,0,0,0,1,0,0,0,0,0,0,44,0,0
1968,OToole,0,0,1,0,4,2,Lion,7,1,1,1,1,2,0,2,0,0,0,0,1,0,0,0,0,0,0,0,36,0,0
1968,Robertson,0,0,1,0,5,1,Charly,1,0,0,1,0,0,0,0,0,0,0,0,0,0,0,0,0,0,0,0,43,0,0
1968,HepburnK,0,0,0,1,1,1,Lion,7,1,1,1,1,10,2,10,2,0,0,0,0,0,0,0,0,0,0,0,61,0,0
1968,Neal,0,0,0,1,2,2,Subject,2,0,0,0,1,1,1,1,1,0,0,0,0,0,0,0,0,0,0,0,42,0,0
1968,RedgraveV,0,0,0,1,3,2,Isadora,1,0,0,0,1,1,0,1,0,0,0,0,0,0,0,0,0,0,0,0,31,0,0
1968,Streisand,0,0,0,1,4,1,Funny,8,1,0,0,1,0,0,0,0,0,0,0,0,0,0,1,0,0,0,0,26,0,0
1968,Woodward,0,0,0,1,5,2,Rachel,4,1,0,0,1,1,1,1,1,0,0,0,0,0,1,0,0,0,0,0,38,0,0
1967,Bonnie,1,0,0,0,1,2,Bonnie,10,1,1,1,1,0,0,0,0,0,0,0,0,0,0,0,0,0,0,0,0,111,241
1967,Dolittle,1,0,0,0,2,2,Dolittle,9,1,0,0,0,0,0,0,0,0,0,0,0,0,0,0,0,0,0,0,0,152,113
1967,Graduate,1,0,0,0,3,2,Graduate,7,1,1,1,1,0,0,0,0,0,1,0,0,0,0,0,1,0,0,0,0,105,111
1967,Guess,1,0,0,0,4,2,Guess,10,1,1,1,1,0,0,0,0,0,0,0,0,0,0,0,0,0,0,0,0,108,121
1967,Heat,1,0,0,0,5,1,Heat,7,1,1,1,0,0,0,0,0,1,0,0,0,0,0,0,0,0,0,0,0,109,252
1967,BrooksR,0,1,0,0,1,2,Blood,4,0,1,0,0,2,0,0,0,0,0,0,0,0,0,0,0,0,0,0,0,0,0
1967,Jewison,0,1,0,0,2,2,Heat,7,1,1,1,0,0,0,0,0,0,0,0,0,0,0,0,0,0,0,0,0,0,0
1967,Kramer,0,1,0,0,3,2,Guess,10,1,1,1,1,2,0,0,0,0,0,0,0,0,0,0,0,0,0,0,0,0,0
1967,Nichols,0,1,0,0,4,1,Graduate,7,1,1,1,1,1,0,0,0,0,0,1,0,0,0,0,0,1,0,0,0,0,0
1967,Penn,0,1,0,0,5,2,Bonnie,10,1,1,1,1,1,0,0,0,0,0,0,0,0,0,0,0,0,0,0,0,0,0
1967,Beatty,0,0,1,0,1,2,Bonnie,10,1,1,1,1,0,0,0,0,0,0,0,0,0,0,0,0,0,0,0,30,0,0
1967,Hoffman,0,0,1,0,2,2,Graduate,7,1,1,1,1,0,0,0,0,0,0,0,0,0,0,0,0,0,0,0,30,0,0
1967,Newman,0,0,1,0,3,2,Cool,4,0,0,1,0,3,0,3,0,0,0,0,0,0,0,0,0,0,0,0,42,0,0
1967,Steiger,0,0,1,0,4,1,Heat,7,1,1,1,0,2,0,1,0,0,0,0,1,0,0,0,0,0,0,0,42,0,0
1967,Tracy,0,0,1,0,5,2,Guess,10,1,1,1,1,8,2,8,2,0,0,0,0,0,0,0,0,0,0,0,67,0,0
1967,Bancroft,0,0,0,1,1,2,Graduate,7,1,1,1,1,2,1,2,1,0,0,0,0,0,0,1,0,0,0,0,36,0,0
1967,Dunaway,0,0,0,1,2,2,Bonnie,10,1,1,1,1,0,0,0,0,0,0,0,0,0,0,0,0,0,0,0,26,0,0
1967,Evans,0,0,0,1,3,2,Whisperers,1,0,0,0,1,2,0,0,0,0,0,0,0,0,1,0,0,0,0,0,79,0,0
1967,HepburnA,0,0,0,1,4,2,Wait,1,0,0,0,1,4,1,4,1,0,0,0,0,0,0,0,0,0,0,0,38,0,0
1967,HepburnK,0,0,0,1,5,1,Guess,10,1,1,1,1,9,1,9,1,0,0,0,0,0,0,0,0,0,0,0,60,0,0
1966,Alfie,1,0,0,0,1,2,Alfie,5,1,0,1,0,0,0,0,0,0,0,0,0,0,0,0,0,0,0,0,0,114,229
1966,Russians,1,0,0,0,2,2,Russians,4,1,0,1,0,0,0,0,0,0,1,0,0,0,0,0,0,0,0,0,0,126,320
1966,Sand,1,0,0,0,3,2,Sand,8,1,0,1,0,0,0,0,0,0,0,0,0,0,0,0,0,0,0,0,0,179,111
1966,Seasons,1,0,0,0,4,1,Seasons,8,1,1,1,0,0,0,0,0,1,0,0,0,0,0,0,1,0,0,0,0,120,119
1966,Woolf,1,0,0,0,5,2,Woolf,13,1,1,1,1,0,0,0,0,0,0,0,0,0,0,0,0,0,0,0,0,131,293
1966,Antonioni,0,1,0,0,1,2,Blowup,2,0,1,0,0,0,0,0,0,0,0,0,0,0,0,0,0,0,0,0,0,0,0
1966,BrooksR,0,1,0,0,2,2,Professionals,3,0,1,0,0,1,0,0,0,0,0,0,0,0,0,0,0,0,0,0,0,0,0
1966,Lelouch,0,1,0,0,3,2,Man,4,0,1,0,1,0,0,0,0,0,0,0,0,0,0,0,0,0,0,0,0,0,0
1966,Nichols,0,1,0,0,4,2,Woolf,13,1,1,1,1,0,0,0,0,0,0,0,0,0,0,0,0,0,0,0,0,0,0
1966,Zinneman,0,1,0,0,5,1,Seasons,8,1,1,1,0,5,1,0,0,0,0,1,0,0,0,0,0,1,0,0,0,0,0
1966,Arkin,0,0,1,0,1,2,Russians,4,1,0,1,0,0,0,0,0,0,0,0,0,1,0,0,0,0,0,0,32,0,0
1966,Burton,0,0,1,0,2,2,Woolf,13,1,1,1,1,4,0,3,0,0,0,0,0,0,0,0,0,0,0,0,41,0,0
1966,Caine,0,0,1,0,3,2,Alfie,5,1,0,1,0,0,0,0,0,0,0,0,0,0,0,0,0,0,0,0,33,0,0
1966,McQueen,0,0,1,0,4,2,Sand,8,1,0,1,0,0,0,0,0,0,0,0,0,0,0,0,0,0,0,0,36,0,0
1966,Scofield,0,0,1,0,5,1,Seasons,8,1,1,1,0,0,0,0,0,0,0,0,1,0,0,0,0,0,0,0,44,0,0
1966,Aimee,0,0,0,1,1,2,Man,4,0,1,0,1,0,0,0,0,0,0,0,0,0,1,0,0,0,0,0,34,0,0
1966,Kaminska,0,0,0,1,2,2,Shop,1,0,0,0,1,0,0,0,0,0,0,0,0,0,0,0,0,0,0,0,67,0,0
1966,RedgraveL,0,0,0,1,3,2,Georgy,4,0,0,0,1,0,0,0,0,0,0,0,0,0,0,1,0,0,0,0,23,0,0
1966,RedgraveV,0,0,0,1,4,2,Morgan,2,0,0,0,1,0,0,0,0,0,0,0,0,0,0,0,0,0,0,0,29,0,0
1966,Taylor,0,0,0,1,5,1,Woolf,13,1,1,1,1,4,1,4,1,0,0,0,0,0,0,0,0,0,0,0,34,0,0
1965,Darling,1,0,0,0,1,2,Darling,5,1,1,0,1,0,0,0,0,0,0,0,0,0,0,0,0,0,0,0,0,128,258
1965,Ship,1,0,0,0,2,2,Ship,8,1,0,1,1,0,0,0,0,0,0,0,0,0,0,0,0,0,0,0,0,149,263
1965,Sound,1,0,0,0,3,1,Sound,10,1,1,0,1,0,0,0,0,0,1,0,0,0,0,0,1,0,0,0,0,174,412
1965,Thousand,1,0,0,0,4,2,Thousand,4,1,0,0,0,0,0,0,0,0,0,0,0,0,0,0,0,0,0,0,0,118,126
1965,Zhivago,1,0,0,0,5,2,Zhivago,10,1,1,0,0,0,0,0,0,1,0,0,0,0,0,0,0,0,0,0,0,197,117
1965,Lean,0,1,0,0,1,2,Zhivago,10,1,1,0,0,5,2,0,0,0,0,1,0,0,0,0,0,0,0,0,0,0,0
1965,Schlesinger,0,1,0,0,2,2,Darling,5,1,1,0,1,0,0,0,0,0,0,0,0,0,0,0,0,0,0,0,0,0,0
1965,Teshigahara,0,1,0,0,3,2,Dunes,1,0,1,0,0,0,0,0,0,0,0,0,0,0,0,0,0,0,0,0,0,0,0
1965,Wise,0,1,0,0,4,1,Sound,10,1,1,0,1,2,1,0,0,0,0,0,0,0,0,0,0,1,0,0,0,0,0
1965,Wyler,0,1,0,0,5,2,Collector,3,0,1,0,1,11,3,0,0,0,0,0,0,0,0,0,0,0,0,0,0,0,0
1965,Burton,0,0,1,0,1,2,Spy,2,0,0,1,0,3,0,2,0,0,0,0,0,0,0,0,0,0,0,0,40,0,0
1965,Marvin,0,0,1,0,2,1,Cat,5,0,0,1,0,0,0,0,0,0,0,0,0,1,0,0,0,0,0,0,41,0,0
1965,Olivier,0,0,1,0,3,2,Othello,4,0,0,1,0,6,1,6,1,0,0,0,0,0,0,0,0,0,0,0,58,0,0
1965,Steiger,0,0,1,0,4,2,Pawnbroker,1,0,0,1,0,1,0,0,0,0,0,0,0,0,0,0,0,0,0,0,40,0,0
1965,Werner,0,0,1,0,5,2,Ship,8,1,0,1,1,0,0,0,0,0,0,0,0,0,0,0,0,0,0,0,43,0,0
1965,Andrews,0,0,0,1,1,2,Sound,10,1,1,0,1,1,1,1,1,0,0,0,0,0,0,1,0,0,0,0,30,0,0
1965,Christie,0,0,0,1,2,1,Darling,5,1,1,0,1,0,0,0,0,0,0,0,0,0,0,0,0,0,0,0,24,0,0
1965,Eggar,0,0,0,1,3,2,Collector,3,0,1,0,1,0,0,0,0,0,0,0,0,0,1,0,0,0,0,0,26,0,0
1965,Hartman,0,0,0,1,4,2,Patch,5,0,0,0,1,0,0,0,0,0,0,0,0,0,0,0,0,0,0,0,22,0,0
1965,Signoret,0,0,0,1,5,2,Ship,8,1,0,1,1,1,1,1,1,0,0,0,0,0,0,0,0,0,0,0,44,0,0
1964,Becket,1,0,0,0,1,2,Becket,12,1,1,2,0,0,0,0,0,1,0,0,0,0,0,0,0,0,0,0,0,148,390
1964,Fair,1,0,0,0,2,1,Fair,12,1,1,1,0,0,0,0,0,0,1,0,0,0,0,0,1,0,0,0,0,170,166
1964,Poppins,1,0,0,0,3,2,Poppins,13,1,1,0,1,0,0,0,0,0,0,0,0,0,0,0,0,0,0,0,0,139,221
1964,Strangelove,1,0,0,0,4,2,Strangelove,4,1,1,1,0,0,0,0,0,0,0,0,0,0,0,0,0,0,0,0,0,96,432
1964,Zorba,1,0,0,0,5,2,Zorba,7,1,1,1,0,0,0,0,0,0,0,0,0,0,0,0,0,0,0,0,0,142,109
1964,Cacoyannis,0,1,0,0,1,2,Zorba,7,1,1,1,0,0,0,0,0,0,0,0,0,0,0,0,0,0,0,0,0,0,0
1964,Cukor,0,1,0,0,2,1,Fair,12,1,1,1,0,4,0,0,0,0,0,1,0,0,0,0,0,1,0,0,0,0,0
1964,Glenville,0,1,0,0,3,2,Becket,12,1,1,2,0,0,0,0,0,0,0,0,0,0,0,0,0,0,0,0,0,0,0
1964,Kubrick,0,1,0,0,4,2,Strangelove,4,1,1,1,0,0,0,0,0,0,0,0,0,0,0,0,0,0,0,0,0,0,0
1964,Stevenson,0,1,0,0,5,2,Poppins,13,1,1,0,1,0,0,0,0,0,0,0,0,0,0,0,0,0,0,0,0,0,0
1964,Burton,0,0,1,0,1,2,Becket,12,1,1,2,0,2,0,1,0,0,0,0,0,0,0,0,0,0,0,0,39,0,0
1964,Harrison,0,0,1,0,2,1,Fair,12,1,1,1,0,1,0,1,0,0,0,0,0,1,0,0,0,0,0,0,56,0,0
1964,OToole,0,0,1,0,3,2,Becket,12,1,1,2,0,1,0,1,0,0,0,0,1,0,0,0,0,0,0,0,32,0,0
1964,Quinn,0,0,1,0,4,2,Zorba,7,1,1,1,0,3,2,1,0,0,0,0,0,0,0,0,0,0,0,0,49,0,0
1964,Sellers,0,0,1,0,5,2,Strangelove,4,1,1,1,0,0,0,0,0,0,0,0,0,0,0,0,0,0,0,0,39,0,0
1964,Andrews,0,0,0,1,1,1,Poppins,13,1,1,0,1,0,0,0,0,0,0,0,0,0,0,1,0,0,0,0,29,0,0
1964,Bancroft,0,0,0,1,2,2,Pumpkin,1,0,0,0,1,1,1,1,1,0,0,0,0,0,1,0,0,0,0,0,33,0,0
1964,Loren,0,0,0,1,3,2,Marriage,1,0,0,0,1,1,1,1,1,0,0,0,0,0,0,0,0,0,0,0,30,0,0
1964,Reynolds,0,0,0,1,4,2,Unsinkable,6,0,0,0,1,0,0,0,0,0,0,0,0,0,0,0,0,0,0,0,32,0,0
1964,Stanley,0,0,0,1,5,2,Seance,1,0,0,0,1,0,0,0,0,0,0,0,0,0,0,0,0,0,0,0,39,0,0
1963,America,1,0,0,0,1,2,America,4,1,1,0,0,0,0,0,0,0,0,0,0,0,0,0,0,0,0,0,0,174,120
1963,Cleopatra,1,0,0,0,2,2,Cleopatra,9,1,0,1,0,0,0,0,0,0,0,0,0,0,0,0,0,0,0,0,0,192,306
1963,Jones,1,0,0,0,3,1,Jones,10,1,1,1,0,0,0,0,0,0,1,0,0,0,0,0,1,0,0,0,0,128,190
1963,Lilies,1,0,0,0,4,2,Lilies,5,1,0,1,0,0,0,0,0,0,0,0,0,0,0,0,0,0,0,0,0,94,195
1963,West,1,0,0,0,5,2,West,8,1,0,0,0,0,0,0,0,0,0,0,0,0,0,0,0,0,0,0,0,162,418
1963,Fellini,0,1,0,0,1,2,Eight,5,0,1,0,0,1,0,0,0,0,0,0,0,0,0,0,0,0,0,0,0,0,0
1963,Kazan,0,1,0,0,2,2,America,4,1,1,0,0,4,2,0,0,0,0,1,0,0,0,0,0,0,0,0,0,0,0
1963,Preminger,0,1,0,0,3,2,Cardinal,6,0,1,0,0,1,0,0,0,0,0,0,0,0,0,0,0,0,0,0,0,0,0
1963,Richardson,0,1,0,0,4,1,Jones,10,1,1,1,0,0,0,0,0,0,0,0,0,0,0,0,0,1,0,0,0,0,0
1963,Ritt,0,1,0,0,5,2,Hud,7,0,1,1,1,0,0,0,0,0,0,0,0,0,0,0,0,0,0,0,0,0,0
1963,Finney,0,0,1,0,1,2,Jones,10,1,1,1,0,0,0,0,0,0,0,0,0,0,0,0,0,0,0,0,27,0,0
1963,Harrison,0,0,1,0,2,2,Cleopatra,9,1,0,1,0,0,0,0,0,0,0,0,0,0,0,0,0,0,0,0,55,0,0
1963,HarrisR,0,0,1,0,3,2,Sporting,2,0,0,1,1,0,0,0,0,0,0,0,0,0,0,0,0,0,0,0,33,0,0
1963,Newman,0,0,1,0,4,2,Hud,7,0,1,1,1,2,0,2,0,0,0,0,0,0,0,0,0,0,0,0,38,0,0
1963,Poitier,0,0,1,0,5,1,Lilies,5,1,0,1,0,1,0,1,0,0,0,0,1,0,0,0,0,0,0,0,36,0,0
1963,Caron,0,0,0,1,1,2,Room,1,0,0,0,1,1,0,1,0,0,0,0,0,0,1,0,0,0,0,0,32,0,0
1963,MacLaine,0,0,0,1,2,2,Irma,3,0,0,0,1,2,0,2,0,0,0,0,0,0,0,1,0,0,0,0,29,0,0
1963,Neal,0,0,0,1,3,1,Hud,7,0,1,1,1,0,0,0,0,0,0,0,0,0,0,0,0,0,0,0,37,0,0
1963,RobertsR,0,0,0,1,4,2,Sporting,2,0,0,1,1,0,0,0,0,0,0,0,0,0,0,0,0,0,0,0,36,0,0
1963,Wood,0,0,0,1,5,2,Stranger,5,0,0,0,1,2,0,1,0,0,0,0,0,0,0,0,0,0,0,0,25,0,0
1962,Lawrence,1,0,0,0,1,1,Lawrence,10,1,1,1,0,0,0,0,0,1,0,0,0,0,0,0,1,0,0,0,0,216,113
1962,Longest,1,0,0,0,2,2,Longest,5,1,0,0,0,0,0,0,0,0,0,0,0,0,0,0,0,0,0,0,0,178,186
1962,Mockingbird,1,0,0,0,3,2,Mockingbird,8,1,1,1,0,0,0,0,0,0,0,0,0,0,0,0,0,0,0,0,0,129,104
1962,Music,1,0,0,0,4,2,Music,6,1,0,0,0,0,0,0,0,0,1,0,0,0,0,0,0,0,0,0,0,151,293
1962,Mutiny,1,0,0,0,5,2,Mutiny,7,1,0,0,0,0,0,0,0,0,0,0,0,0,0,0,0,0,0,0,0,178,151
1962,Germi,0,1,0,0,1,2,Divorce,3,0,1,1,0,0,0,0,0,0,0,0,0,0,0,0,0,0,0,0,0,0,0
1962,Lean,0,1,0,0,2,1,Lawrence,10,1,1,1,0,4,1,0,0,0,0,1,0,0,0,0,0,1,0,0,0,0,0
1962,Mulligan,0,1,0,0,3,2,Mockingbird,8,1,1,1,0,0,0,0,0,0,0,0,0,0,0,0,0,0,0,0,0,0,0
1962,Penn,0,1,0,0,4,2,Miracle,5,0,1,0,1,0,0,0,0,0,0,0,0,0,0,0,0,0,0,0,0,0,0
1962,Perry,0,1,0,0,5,2,David,2,0,1,0,0,0,0,0,0,0,0,0,0,0,0,0,0,0,0,0,0,0,0
1962,Lancaster,0,0,1,0,1,2,Alcatraz,4,0,0,1,0,2,1,2,1,0,0,0,0,0,0,0,0,0,0,0,49,0,0
1962,Lemmon,0,0,1,0,2,2,Wine,5,0,0,1,1,3,1,2,0,0,0,0,0,0,0,0,0,0,0,0,37,0,0
1962,Mastroianni,0,0,1,0,3,2,Divorce,3,0,1,1,0,0,0,0,0,0,0,0,0,1,0,0,0,0,0,0,38,0,0
1962,OToole,0,0,1,0,4,2,Lawrence,10,1,1,1,0,0,0,0,0,0,0,0,0,0,0,0,0,0,0,0,30,0,0
1962,Peck,0,0,1,0,5,1,Mockingbird,8,1,1,1,0,4,0,4,0,0,0,0,1,0,0,0,0,0,0,0,46,0,0
1962,Bancroft,0,0,0,1,1,1,Miracle,5,0,1,0,1,0,0,0,0,0,0,0,0,0,0,0,0,0,0,0,31,0,0
1962,DavisB,0,0,0,1,2,2,Jane,5,0,0,0,1,9,2,9,2,0,0,0,0,0,0,0,0,0,0,0,54,0,0
1962,HepburnK,0,0,0,1,3,2,Long,1,0,0,0,1,8,1,8,1,0,0,0,0,0,0,0,0,0,0,0,55,0,0
1962,Page,0,0,0,1,4,2,Sweet,3,0,0,0,1,2,0,1,0,0,0,0,0,0,1,0,0,0,0,0,38,0,0
1962,Remick,0,0,0,1,5,2,Wine,5,0,0,1,1,0,0,0,0,0,0,0,0,0,0,0,0,0,0,0,27,0,0
1961,Fanny,1,0,0,0,1,2,Fanny,5,1,0,1,0,0,0,0,0,0,0,0,0,0,0,0,0,0,0,0,0,134,285
1961,Hustler,1,0,0,0,2,2,Hustler,9,1,1,1,1,0,0,0,0,0,0,0,0,0,0,0,0,0,0,0,0,134,196
1961,Navarone,1,0,0,0,3,2,Navarone,7,1,1,0,0,0,0,0,0,1,0,0,0,0,0,0,0,0,0,0,0,158,291
1961,Nuremberg,1,0,0,0,4,2,Nuremberg,11,1,1,2,0,0,0,0,0,0,0,0,0,0,0,0,0,0,0,0,0,186,111
1961,West,1,0,0,0,5,1,West,12,1,1,0,0,0,0,0,0,0,1,0,0,0,0,0,1,0,0,0,0,152,173
1961,Fellini,0,1,0,0,1,2,Dolce,4,0,1,0,0,0,0,0,0,0,0,0,0,0,0,0,0,0,0,0,0,0,0
1961,Kramer,0,1,0,0,2,2,Nuremberg,11,1,1,2,0,1,0,0,0,0,0,1,0,0,0,0,0,0,0,0,0,0,0
1961,RobbinsJWise,0,1,0,0,3,1,West,12,1,1,0,0,1,0,0,0,0,0,0,0,0,0,0,0,1,0,0,0,0,0
1961,Rossen,0,1,0,0,4,2,Hustler,9,1,1,1,1,1,0,0,0,0,0,0,0,0,0,0,0,0,0,0,0,0,0
1961,Thompson,0,1,0,0,5,2,Navarone,7,1,1,0,0,0,0,0,0,0,0,0,0,0,0,0,0,0,0,0,0,0,0
1961,Boyer,0,0,1,0,1,2,Fanny,5,1,0,1,0,3,0,3,0,0,0,0,0,0,0,0,0,0,0,0,62,0,0
1961,Newman,0,0,1,0,2,2,Hustler,9,1,1,1,1,1,0,1,0,0,0,0,0,0,0,0,0,0,0,0,36,0,0
1961,Schell,0,0,1,0,3,1,Nuremberg,11,1,1,2,0,0,0,0,0,0,0,0,1,0,0,0,0,0,0,0,31,0,0
1961,Tracy,0,0,1,0,4,2,Nuremberg,11,1,1,2,0,7,2,7,2,0,0,0,0,0,0,0,0,0,0,0,61,0,0
1961,Whitman,0,0,1,0,5,2,Mark,1,0,0,1,0,0,0,0,0,0,0,0,0,0,0,0,0,0,0,0,35,0,0
1961,HepburnA,0,0,0,1,1,2,Breakfast,5,0,0,0,1,3,1,3,1,0,0,0,0,0,0,0,0,0,0,0,32,0,0
1961,Laurie,0,0,0,1,2,2,Hustler,9,1,1,1,1,0,0,0,0,0,0,0,0,0,0,0,0,0,0,0,29,0,0
1961,Loren,0,0,0,1,3,1,Two,1,0,0,0,1,0,0,0,0,0,0,0,0,0,0,0,0,0,0,0,27,0,0
1961,Page,0,0,0,1,4,2,Summer,4,0,0,0,1,1,0,0,0,0,0,0,0,0,1,0,0,0,0,0,37,0,0
1961,Wood,0,0,0,1,5,2,Splendor,2,0,0,0,1,1,0,0,0,0,0,0,0,0,0,0,0,0,0,0,23,0,0
1960,Alamo,1,0,0,0,1,2,Alamo,7,1,0,0,0,0,0,0,0,0,0,0,0,0,0,0,0,0,0,0,0,167,175
1960,Apartment,1,0,0,0,2,1,Apartment,10,1,1,1,1,0,0,0,0,0,1,0,0,0,0,0,1,0,0,0,0,120,306
1960,Gantry,1,0,0,0,3,2,Gantry,5,1,0,1,0,0,0,0,0,0,0,0,0,0,0,0,0,0,0,0,0,146,284
1960,Sons,1,0,0,0,4,2,Sons,7,1,1,1,0,0,0,0,0,0,0,0,0,0,0,0,0,0,0,0,0,103,258
1960,Sundowners,1,0,0,0,5,2,Sundowners,5,1,1,0,1,0,0,0,0,0,0,0,0,0,0,0,0,0,0,0,0,133,130
1960,Cardiff,0,1,0,0,1,2,Sons,7,1,1,1,0,0,0,0,0,0,0,0,0,0,0,0,0,0,0,0,0,0,0
1960,Dassin,0,1,0,0,2,2,Never,5,0,1,0,1,0,0,0,0,0,0,0,0,0,0,0,0,0,0,0,0,0,0
1960,Hitchcock,0,1,0,0,3,2,Psycho,4,0,1,0,0,4,0,0,0,0,0,0,0,0,0,0,0,0,0,0,0,0,0
1960,Wilder,0,1,0,0,4,1,Apartment,10,1,1,1,1,7,1,0,0,0,0,0,0,0,0,0,0,1,0,0,0,0,0
1960,Zinneman,0,1,0,0,5,2,Sundowners,5,1,1,0,1,4,1,0,0,0,0,0,0,0,0,0,0,0,0,0,0,0,0
1960,HowardT,0,0,1,0,1,2,Sons,7,1,1,1,0,0,0,0,0,0,0,0,0,0,0,0,0,0,0,0,47,0,0
1960,Lancaster,0,0,1,0,2,1,Gantry,5,1,0,1,0,1,0,1,0,0,0,0,1,0,0,0,0,0,0,0,47,0,0
1960,Lemmon,0,0,1,0,3,2,Apartment,10,1,1,1,1,2,1,1,0,0,0,0,0,1,0,0,0,0,0,0,35,0,0
1960,Olivier,0,0,1,0,4,2,Entertainer,1,0,0,1,0,5,1,5,1,0,0,0,0,0,0,0,0,0,0,0,53,0,0
1960,Tracy,0,0,1,0,5,2,Inherit,4,0,0,1,0,6,2,6,2,0,0,0,0,0,0,0,0,0,0,0,60,0,0
1960,Garson,0,0,0,1,1,2,Sunrise,4,0,0,0,1,6,1,6,1,0,0,0,0,0,1,0,0,0,0,0,56,0,0
1960,Kerr,0,0,0,1,2,2,Sundowners,5,1,1,0,1,5,0,5,0,0,0,0,0,0,0,0,0,0,0,0,39,0,0
1960,MacLaine,0,0,0,1,3,2,Apartment,10,1,1,1,1,1,0,1,0,0,0,0,0,0,0,1,0,0,0,0,26,0,0
1960,Mercouri,0,0,0,1,4,2,Never,5,0,1,0,1,0,0,0,0,0,0,0,0,0,0,0,0,0,0,0,40,0,0
1960,Taylor,0,0,0,1,5,1,Butterfield,2,0,0,0,1,3,0,3,0,0,0,0,0,0,0,0,0,0,0,0,28,0,0
1959,Anatomy,1,0,0,0,1,2,Anatomy,7,1,0,1,0,0,0,0,0,0,0,0,0,0,0,0,0,0,0,0,0,160,278
1959,Ben,1,0,0,0,2,1,Ben,12,1,1,1,0,0,0,0,0,1,0,0,0,0,0,0,1,0,0,0,0,212,138
1959,Diary,1,0,0,0,3,2,Diary,8,1,1,0,0,0,0,0,0,0,0,0,0,0,0,0,0,0,0,0,0,180,383
1959,Nun,1,0,0,0,4,2,Nun,8,1,1,0,1,0,0,0,0,0,0,0,0,0,0,0,0,0,0,0,0,149,291
1959,Room,1,0,0,0,5,2,Room,6,1,1,1,1,0,0,0,0,0,0,0,0,0,0,0,0,0,0,0,0,115,371
1959,Clayton,0,1,0,0,1,2,Room,6,1,1,1,1,0,0,0,0,0,0,0,0,0,0,0,0,0,0,0,0,0,0
1959,Stevens,0,1,0,0,2,2,Diary,8,1,1,0,0,4,2,0,0,0,0,0,0,0,0,0,0,0,0,0,0,0,0
1959,Wilder,0,1,0,0,3,2,Hot,6,0,1,1,0,6,1,0,0,0,0,0,0,0,0,0,0,0,0,0,0,0,0
1959,Wyler,0,1,0,0,4,1,Ben,12,1,1,1,0,10,2,0,0,0,0,1,0,0,0,0,0,1,0,0,0,0,0
1959,Zinneman,0,1,0,0,5,2,Nun,8,1,1,0,1,3,1,0,0,0,0,0,0,0,0,0,0,0,0,0,0,0,0
1959,Harvey,0,0,1,0,1,2,Room,6,1,1,1,1,0,0,0,0,0,0,0,0,0,0,0,0,0,0,0,31,0,0
1959,Heston,0,0,1,0,2,1,Ben,12,1,1,1,0,0,0,0,0,0,0,0,0,0,0,0,0,0,0,0,35,0,0
1959,Lemmon,0,0,1,0,3,2,Hot,6,0,1,1,0,1,1,0,0,0,0,0,0,1,0,0,0,0,0,0,34,0,0
1959,Muni,0,0,1,0,4,2,Angry,2,0,0,1,0,4,1,4,1,0,0,0,0,0,0,0,0,0,0,0,64,0,0
1959,Stewart,0,0,1,0,5,2,Anatomy,7,1,0,1,0,4,1,4,1,0,0,0,0,0,0,0,0,0,0,0,51,0,0
1959,Day,0,0,0,1,1,2,Pillow,5,0,0,0,1,0,0,0,0,0,0,0,0,0,0,0,0,0,0,0,35,0,0
1959,HepburnA,0,0,0,1,2,2,Nun,8,1,1,0,1,2,1,2,1,0,0,0,0,0,0,0,0,0,0,0,30,0,0
1959,HepburnK,0,0,0,1,3,2,Suddenly,3,0,0,0,2,7,1,7,1,0,0,0,0,0,0,0,0,0,0,0,52,0,0
1959,Signoret,0,0,0,1,4,1,Room,6,1,1,1,1,0,0,0,0,0,0,0,0,0,0,0,0,0,0,0,38,0,0
1959,Taylor,0,0,0,1,5,2,Suddenly,3,0,0,0,2,2,0,2,0,0,0,0,0,0,1,0,0,0,0,0,27,0,0
1958,Cat,1,0,0,0,1,2,Cat,6,1,1,1,1,0,0,0,0,0,0,0,0,0,0,0,0,0,0,0,0,108,200
1958,Defiant,1,0,0,0,2,2,Defiant,9,1,1,2,0,0,0,0,0,1,0,0,0,0,0,0,0,0,0,0,0,97,194
1958,Gigi,1,0,0,0,3,1,Gigi,9,1,1,0,0,0,0,0,0,0,1,0,0,0,0,0,1,0,0,0,0,119,326
1958,Mame,1,0,0,0,4,2,Mame,6,1,0,0,1,0,0,0,0,0,1,0,0,0,0,0,0,0,0,0,0,143,100
1958,Separate,1,0,0,0,5,2,Separate,7,1,0,1,1,0,0,0,0,0,0,0,0,0,0,0,0,0,0,0,0,100,109
1958,BrooksR,0,1,0,0,1,2,Cat,6,1,1,1,1,0,0,0,0,0,0,0,0,0,0,0,0,0,0,0,0,0,0
1958,Kramer,0,1,0,0,2,2,Defiant,9,1,1,2,0,0,0,0,0,0,0,0,0,0,0,0,0,0,0,0,0,0,0
1958,Minnelli,0,1,0,0,3,1,Gigi,9,1,1,0,0,1,0,0,0,0,0,1,0,0,0,0,0,1,0,0,0,0,0
1958,Robson,0,1,0,0,4,2,Inn,1,0,1,0,0,1,0,0,0,0,0,0,0,0,0,0,0,0,0,0,0,0,0
1958,Wise,0,1,0,0,5,2,Want,6,0,1,0,1,0,0,0,0,0,0,0,0,0,0,0,0,0,0,0,0,0,0
1958,Curtis,0,0,1,0,1,2,Defiant,9,1,1,2,0,0,0,0,0,0,0,0,0,0,0,0,0,0,0,0,33,0,0
1958,Newman,0,0,1,0,2,2,Cat,6,1,1,1,1,0,0,0,0,0,0,0,0,0,0,0,0,0,0,0,33,0,0
1958,Niven,0,0,1,0,3,1,Separate,7,1,0,1,1,0,0,0,0,0,0,0,1,0,0,0,0,0,0,0,48,0,0
1958,Poitier,0,0,1,0,4,2,Defiant,9,1,1,2,0,0,0,0,0,0,0,0,0,0,0,0,0,0,0,0,31,0,0
1958,Tracy,0,0,1,0,5,2,Old,3,0,0,1,0,5,2,5,2,0,0,0,0,0,0,0,0,0,0,0,58,0,0
1958,Hayward,0,0,0,1,1,1,Want,6,0,1,0,1,4,0,4,0,0,0,0,0,0,1,0,0,0,0,0,40,0,0
1958,Kerr,0,0,0,1,2,2,Separate,7,1,0,1,1,4,0,4,0,0,0,0,0,0,0,0,0,0,0,0,37,0,0
1958,MacLaine,0,0,0,1,3,2,Running,5,0,0,0,1,0,0,0,0,0,0,0,0,0,0,0,0,0,0,0,24,0,0
1958,Russell,0,0,0,1,4,2,Mame,6,1,0,0,1,3,0,3,0,0,0,0,0,0,0,1,0,0,0,0,51,0,0
1958,Taylor,0,0,0,1,5,2,Cat,6,1,1,1,1,1,0,1,0,0,0,0,0,0,0,0,0,0,0,0,26,0,0
1957,Angry,1,0,0,0,1,2,Angry,3,1,1,0,0,0,0,0,0,0,0,0,0,0,0,0,0,0,0,0,0,96,347
1957,Kwai,1,0,0,0,2,1,Kwai,8,1,1,1,0,0,0,0,0,1,0,0,0,0,0,0,1,0,0,0,0,161,98
1957,Peyton,1,0,0,0,3,2,Peyton,9,1,1,0,1,0,0,0,0,0,0,0,0,0,0,0,0,0,0,0,0,162,103
1957,Sayonara,1,0,0,0,4,2,Sayonara,10,1,1,1,0,0,0,0,0,0,0,0,0,0,0,0,0,0,0,0,0,147,111
1957,Witness,1,0,0,0,5,2,Witness,6,1,1,1,0,0,0,0,0,0,0,0,0,0,0,0,0,0,0,0,0,116,101
1957,Lean,0,1,0,0,1,1,Kwai,8,1,1,1,0,3,0,0,0,0,0,1,0,0,0,0,0,1,0,0,0,0,0
1957,Logan,0,1,0,0,2,2,Sayonara,10,1,1,1,0,1,0,0,0,0,0,0,0,0,0,0,0,0,0,0,0,0,0
1957,Lumet,0,1,0,0,3,2,Angry,3,1,1,0,0,0,0,0,0,0,0,0,0,0,0,0,0,0,0,0,0,0,0
1957,Robson,0,1,0,0,4,2,Peyton,9,1,1,0,1,0,0,0,0,0,0,0,0,0,0,0,0,0,0,0,0,0,0
1957,Wilder,0,1,0,0,5,2,Witness,6,1,1,1,0,5,1,0,0,0,0,0,0,0,0,0,0,0,0,0,0,0,0
1957,Brando,0,0,1,0,1,2,Sayonara,10,1,1,1,0,4,1,4,1,0,0,0,0,0,0,0,0,0,0,0,33,0,0
1957,Franciosa,0,0,1,0,2,2,Hatful,1,0,0,1,0,0,0,0,0,0,0,0,0,0,0,0,0,0,0,0,29,0,0
1957,Guinness,0,0,1,0,3,1,Kwai,8,1,1,1,0,1,0,1,0,0,0,0,1,0,0,0,0,0,0,0,43,0,0
1957,Laughton,0,0,1,0,4,2,Witness,6,1,1,1,0,2,1,2,1,0,0,0,0,0,0,0,0,0,0,0,58,0,0
1957,Quinn,0,0,1,0,5,2,Wild,3,0,0,1,1,2,2,0,0,0,0,0,0,0,0,0,0,0,0,0,42,0,0
1957,Kerr,0,0,0,1,1,2,Heaven,2,0,0,0,1,3,0,3,0,0,0,0,0,0,0,0,0,0,0,0,36,0,0
1957,Magnani,0,0,0,1,2,2,Wild,3,0,0,1,1,1,1,1,1,0,0,0,0,0,0,0,0,0,0,0,49,0,0
1957,Taylor,0,0,0,1,3,2,Raintree,4,0,0,0,1,0,0,0,0,0,0,0,0,0,0,0,0,0,0,0,25,0,0
1957,TurnerL,0,0,0,1,4,2,Peyton,9,1,1,0,1,0,0,0,0,0,0,0,0,0,0,0,0,0,0,0,36,0,0
1957,Woodward,0,0,0,1,5,1,Three,1,0,0,0,1,0,0,0,0,0,0,0,0,0,1,0,0,0,0,0,27,0,0
1956,Around,1,0,0,0,1,1,Around,8,1,1,0,0,0,0,0,0,1,0,0,0,0,0,0,0,0,0,0,0,167,161
1956,Commandments,1,0,0,0,2,2,Commandments,7,1,0,0,0,0,0,0,0,0,0,0,0,0,0,0,0,0,0,0,0,220,173
1956,Friendly,1,0,0,0,3,2,Friendly,5,1,1,0,0,0,0,0,0,0,0,0,0,0,0,0,0,0,0,0,0,137,122
1956,Giant,1,0,0,0,4,2,Giant,10,1,1,2,0,0,0,0,0,0,0,0,0,0,0,0,1,0,0,0,0,201,168
1956,King,1,0,0,0,5,2,King,9,1,1,1,1,0,0,0,0,0,1,0,0,0,0,0,0,0,0,0,0,133,272
1956,Anderson,0,1,0,0,1,2,Around,8,1,1,0,0,0,0,0,0,0,0,0,0,0,0,0,0,0,0,0,0,0,0
1956,Lang,0,1,0,0,2,2,King,9,1,1,1,1,0,0,0,0,0,0,0,0,0,0,0,0,0,0,0,0,0,0
1956,Stevens,0,1,0,0,3,1,Giant,10,1,1,2,0,3,1,0,0,0,0,0,0,0,0,0,0,1,0,0,0,0,0
1956,Vidor,0,1,0,0,4,2,War,3,0,1,0,0,4,0,0,0,0,0,0,0,0,0,0,0,0,0,0,0,0,0
1956,Wyler,0,1,0,0,5,2,Friendly,5,1,1,0,0,9,2,0,0,0,0,0,0,0,0,0,0,0,0,0,0,0,0
1956,Brynner,0,0,1,0,1,1,King,9,1,1,1,1,0,0,0,0,0,0,0,0,0,0,0,0,0,0,0,41,0,0
1956,Dean,0,0,1,0,2,2,Giant,10,1,1,2,0,1,0,1,0,0,0,0,0,0,0,0,0,0,0,0,25,0,0
1956,DouglasK,0,0,1,0,3,2,Lust,4,0,0,1,0,2,0,2,0,0,0,0,1,0,0,0,0,0,0,0,40,0,0
1956,Hudson,0,0,1,0,4,2,Giant,10,1,1,2,0,0,0,0,0,0,0,0,0,0,0,0,0,0,0,0,31,0,0
1956,Olivier,0,0,1,0,5,2,Richard,1,0,0,1,0,4,1,4,1,0,0,0,0,0,0,0,0,0,0,0,49,0,0
1956,Baker,0,0,0,1,1,2,Baby,4,0,0,0,1,0,0,0,0,0,0,0,0,0,0,0,0,0,0,0,25,0,0
1956,Bergman,0,0,0,1,2,1,Anastasia,2,0,0,0,1,4,1,4,1,0,0,0,0,0,1,0,0,0,0,0,41,0,0
1956,HepburnK,0,0,0,1,3,2,Rainmaker,2,0,0,0,1,6,1,6,1,0,0,0,0,0,0,0,0,0,0,0,49,0,0
1956,KellyN,0,0,0,1,4,2,Seed,4,0,0,0,1,0,0,0,0,0,0,0,0,0,0,0,0,0,0,0,35,0,0
1956,Kerr,0,0,0,1,5,2,King,9,1,1,1,1,2,0,2,0,0,0,0,0,0,0,1,0,0,0,0,35,0,0
1955,Love,1,0,0,0,1,2,Love,8,1,0,0,1,0,0,0,0,0,0,0,0,0,0,0,0,0,0,0,0,102,216
1955,Marty,1,0,0,0,2,1,Marty,8,1,1,1,0,0,0,0,0,0,0,0,0,0,0,0,1,0,0,0,0,91,345
1955,Picnic,1,0,0,0,3,2,Picnic,6,1,1,0,0,0,0,0,0,0,0,0,0,0,0,0,0,0,0,0,0,115,127
1955,Roberts,1,0,0,0,4,2,Roberts,3,1,0,0,0,0,0,0,0,0,0,0,0,0,0,0,0,0,0,0,0,123,235
1955,Rose,1,0,0,0,5,2,Rose,8,1,0,0,1,0,0,0,0,0,0,0,0,0,0,0,0,0,0,0,0,117,100
1955,Kazan,0,1,0,0,1,2,Eden,4,0,1,1,0,3,2,0,0,0,0,0,0,0,0,0,0,0,0,0,0,0,0
1955,Lean,0,1,0,0,2,2,Summertime,2,0,1,0,1,2,0,0,0,0,0,0,0,0,0,0,0,0,0,0,0,0,0
1955,Logan,0,1,0,0,3,2,Picnic,6,1,1,0,0,0,0,0,0,0,0,1,0,0,0,0,0,0,0,0,0,0,0
1955,MannD,0,1,0,0,4,1,Marty,8,1,1,1,0,0,0,0,0,0,0,0,0,0,0,0,0,1,0,0,0,0,0
1955,Sturges,0,1,0,0,5,2,Bad,3,0,1,1,0,0,0,0,0,0,0,0,0,0,0,0,0,0,0,0,0,0,0
1955,Borgnine,0,0,1,0,1,1,Marty,8,1,1,1,0,0,0,0,0,0,0,0,1,0,0,0,0,0,0,0,38,0,0
1955,Cagney,0,0,1,0,2,2,Leave,6,0,0,1,0,2,1,2,1,0,0,0,0,0,0,0,0,0,0,0,56,0,0
1955,Dean,0,0,1,0,3,2,Eden,4,0,1,1,0,0,0,0,0,0,0,0,0,0,0,0,0,0,0,0,24,0,0
1955,Sinatra,0,0,1,0,4,2,Golden,3,0,0,1,0,1,1,0,0,0,0,0,0,0,0,0,0,0,0,0,40,0,0
1955,Tracy,0,0,1,0,5,2,Bad,3,0,1,1,0,4,2,4,2,0,0,0,0,0,0,0,0,0,0,0,55,0,0
1955,Hayward,0,0,0,1,1,2,Cry,4,0,0,0,1,3,0,3,0,0,0,0,0,0,0,0,0,0,0,0,37,0,0
1955,HepburnK,0,0,0,1,2,2,Summertime,2,0,1,0,1,5,1,5,1,0,0,0,0,0,0,0,0,0,0,0,48,0,0
1955,Jones,0,0,0,1,3,2,Love,8,1,0,0,1,4,1,3,1,0,0,0,0,0,0,0,0,0,0,0,36,0,0
1955,Magnani,0,0,0,1,4,1,Rose,8,1,0,0,1,0,0,0,0,0,0,0,0,0,1,0,0,0,0,0,47,0,0
1955,Parker,0,0,0,1,5,2,Interrupted,3,0,0,0,1,2,0,2,0,0,0,0,0,0,0,0,0,0,0,0,33,0,0
1954,Brides,1,0,0,0,1,2,Brides,5,1,0,0,0,0,0,0,0,0,0,0,0,0,0,0,0,0,0,0,0,102,251
1954,Caine,1,0,0,0,2,2,Caine,7,1,0,1,0,0,0,0,0,0,0,0,0,0,0,0,0,0,0,0,0,124,279
1954,Coins,1,0,0,0,3,2,Coins,3,1,0,0,0,0,0,0,0,0,0,0,0,0,0,0,0,0,0,0,0,102,314
1954,Country,1,0,0,0,4,2,Country,7,1,1,1,1,0,0,0,0,0,0,0,0,0,0,0,0,0,0,0,0,104,105
1954,Waterfont,1,0,0,0,5,1,Waterfont,12,1,1,1,0,0,0,0,0,1,0,0,0,0,0,0,1,0,0,0,0,108,245
1954,Hitchcock,0,1,0,0,1,2,Rear,4,0,1,0,0,3,0,0,0,0,0,0,0,0,0,0,0,0,0,0,0,0,0
1954,Kazan,0,1,0,0,2,1,Waterfont,12,1,1,1,0,2,1,0,0,0,0,1,0,0,0,0,0,1,0,0,0,0,0
1954,Seaton,0,1,0,0,3,2,Country,7,1,1,1,1,0,0,0,0,0,0,0,0,0,0,0,0,0,0,0,0,0,0
1954,Wellman,0,1,0,0,4,2,High,6,0,1,0,0,2,0,0,0,0,0,0,0,0,0,0,0,0,0,0,0,0,0
1954,Wilder,0,1,0,0,5,2,Sabrina,6,0,1,0,1,4,1,0,0,0,0,0,0,0,0,0,0,0,0,0,0,0,0
1954,Bogart,0,0,1,0,1,2,Caine,7,1,0,1,0,2,1,2,1,0,0,0,0,0,0,0,0,0,0,0,55,0,0
1954,Brando,0,0,1,0,2,1,Waterfont,12,1,1,1,0,3,0,3,0,0,0,0,1,0,0,0,0,0,0,0,30,0,0
1954,Crosby,0,0,1,0,3,2,Country,7,1,1,1,1,2,1,2,1,0,0,0,0,0,0,0,0,0,0,0,51,0,0
1954,Mason,0,0,1,0,4,2,Star,6,0,0,1,1,0,0,0,0,0,0,0,0,1,0,0,0,0,0,0,45,0,0
1954,OHerlihy,0,0,1,0,5,2,Crusoe,1,0,0,1,0,0,0,0,0,0,0,0,0,0,0,0,0,0,0,0,35,0,0
1954,Dandridge,0,0,0,1,1,2,Carmen,2,0,0,0,1,0,0,0,0,0,0,0,0,0,0,0,0,0,0,0,31,0,0
1954,Garland,0,0,0,1,2,2,Star,6,0,0,1,1,0,0,0,0,0,0,0,0,0,0,1,0,0,0,0,32,0,0
1954,HepburnA,0,0,0,1,3,2,Sabrina,6,0,1,0,1,1,1,1,1,0,0,0,0,0,0,0,0,0,0,0,25,0,0
1954,KellyG,0,0,0,1,4,1,Country,7,1,1,1,1,1,0,0,0,0,0,0,0,0,1,0,0,0,0,0,25,0,0
1954,Wyman,0,0,0,1,5,2,Magnificent,1,0,0,0,1,3,1,3,1,0,0,0,0,0,0,0,0,0,0,0,40,0,0
1953,Caesar,1,0,0,0,1,2,Caesar,5,1,0,1,0,0,0,0,0,0,0,0,0,0,0,0,0,0,0,0,0,120,294
1953,Eternity,1,0,0,0,2,1,Eternity,13,1,1,2,1,0,0,0,0,0,0,0,0,0,0,0,1,0,0,0,0,118,232
1953,Robe,1,0,0,0,3,2,Robe,5,1,0,1,0,0,0,0,0,1,0,0,0,0,0,0,0,0,0,0,0,135,190
1953,Roman,1,0,0,0,4,2,Roman,10,1,1,0,1,0,0,0,0,0,0,0,0,0,0,0,0,0,0,0,0,118,210
1953,Shane,1,0,0,0,5,2,Shane,6,1,1,0,0,0,0,0,0,0,0,0,0,0,0,0,0,0,0,0,0,118,336
1953,Stevens,0,1,0,0,1,2,Shane,6,1,1,0,0,2,1,0,0,0,0,0,0,0,0,0,0,0,0,0,0,0,0
1953,Walters,0,1,0,0,2,2,Lili,6,0,1,0,1,0,0,0,0,0,0,0,0,0,0,0,0,0,0,0,0,0,0
1953,Wilder,0,1,0,0,3,2,Stalag,3,0,1,1,0,3,1,0,0,0,0,0,0,0,0,0,0,0,0,0,0,0,0
1953,Wyler,0,1,0,0,4,2,Roman,10,1,1,0,1,8,2,0,0,0,0,0,0,0,0,0,0,0,0,0,0,0,0
1953,Zinneman,0,1,0,0,5,1,Eternity,13,1,1,2,1,2,0,0,0,0,0,1,0,0,0,0,0,1,0,0,0,0,0
1953,Brando,0,0,1,0,1,2,Caesar,5,1,0,1,0,2,0,2,0,0,0,0,0,0,0,0,0,0,0,0,29,0,0
1953,Burton,0,0,1,0,2,2,Robe,5,1,0,1,0,1,0,0,0,0,0,0,0,0,0,0,0,0,0,0,28,0,0
1953,Clift,0,0,1,0,3,2,Eternity,13,1,1,2,1,2,0,2,0,0,0,0,0,0,0,0,0,0,0,0,33,0,0
1953,Holden,0,0,1,0,4,1,Stalag,3,0,1,1,0,1,0,1,0,0,0,0,0,0,0,0,0,0,0,0,35,0,0
1953,Lancaster,0,0,1,0,5,2,Eternity,13,1,1,2,1,0,0,0,0,0,0,0,0,0,0,0,0,0,0,0,40,0,0
1953,Caron,0,0,0,1,1,2,Lili,6,0,1,0,1,0,0,0,0,0,0,0,0,0,0,0,0,0,0,0,22,0,0
1953,Gardner,0,0,0,1,2,2,Mogambo,2,0,0,0,1,0,0,0,0,0,0,0,0,0,0,0,0,0,0,0,31,0,0
1953,HepburnA,0,0,0,1,3,1,Roman,10,1,1,0,1,0,0,0,0,0,0,0,0,0,1,0,0,0,0,0,24,0,0
1953,Kerr,0,0,0,1,4,2,Eternity,13,1,1,2,1,1,0,1,0,0,0,0,0,0,0,0,0,0,0,0,32,0,0
1953,McNamara,0,0,0,1,5,2,Moon,3,0,0,0,1,0,0,0,0,0,0,0,0,0,0,0,0,0,0,0,25,0,0
1952,Greatest,1,0,0,0,1,1,Greatest,5,1,1,0,0,0,0,0,0,1,0,0,0,0,0,0,0,0,0,0,0,152,434
1952,Ivanhoe,1,0,0,0,2,2,Ivanhoe,3,1,0,0,0,0,0,0,0,0,0,0,0,0,0,0,0,0,0,0,0,106,231
1952,Moulin,1,0,0,0,3,2,Moulin,7,1,1,1,0,0,0,0,0,0,0,0,0,0,0,0,0,0,0,0,0,119,86
1952,Noon,1,0,0,0,4,2,Noon,7,1,1,1,0,0,0,0,0,0,0,0,0,0,0,0,0,0,0,0,0,85,238
1952,Quiet,1,0,0,0,5,2,Quiet,7,1,1,0,0,0,0,0,0,0,0,0,0,0,0,0,1,0,0,0,0,129,217
1952,DeMille,0,1,0,0,1,2,Greatest,5,1,1,0,0,0,0,0,0,0,0,1,0,0,0,0,0,0,0,0,0,0,0
1952,Ford,0,1,0,0,2,1,Quiet,7,1,1,0,0,4,3,0,0,0,0,0,0,0,0,0,0,1,0,0,0,0,0
1952,HustonJ,0,1,0,0,3,2,Moulin,7,1,1,1,0,3,1,0,0,0,0,0,0,0,0,0,0,0,0,0,0,0,0
1952,Mankiewicz,0,1,0,0,4,2,Fingers,2,0,1,0,0,2,2,0,0,0,0,0,0,0,0,0,0,0,0,0,0,0,0
1952,Zinneman,0,1,0,0,5,2,Noon,7,1,1,1,0,1,0,0,0,0,0,0,0,0,0,0,0,0,0,0,0,0,0
1952,Brando,0,0,1,0,1,2,Zapata,5,0,0,1,0,1,0,1,0,0,0,0,0,0,0,0,0,0,0,0,28,0,0
1952,CooperG,0,0,1,0,2,1,Noon,7,1,1,1,0,4,1,4,1,0,0,0,1,0,0,0,0,0,0,0,51,0,0
1952,DouglasK,0,0,1,0,3,2,Bad,6,0,0,1,0,1,0,1,0,0,0,0,0,0,0,0,0,0,0,0,36,0,0
1952,Ferrer,0,0,1,0,4,2,Moulin,7,1,1,1,0,2,1,1,1,0,0,0,0,0,0,0,0,0,0,0,43,0,0
1952,Guinness,0,0,1,0,5,2,Lavender,2,0,0,1,0,0,0,0,0,0,0,0,0,0,0,0,0,0,0,0,38,0,0
1952,Booth,0,0,0,1,1,1,Sheba,3,0,0,0,1,0,0,0,0,0,0,0,0,0,1,0,0,0,0,0,54,0,0
1952,Crawford,0,0,0,1,2,2,Fear,4,0,0,0,1,2,1,2,1,0,0,0,0,0,0,0,0,0,0,0,48,0,0
1952,DavisB,0,0,0,1,3,2,Star,1,0,0,0,1,8,2,8,2,0,0,0,0,0,0,0,0,0,0,0,44,0,0
1952,HarrisJ,0,0,0,1,4,2,Wedding,1,0,0,0,1,0,0,0,0,0,0,0,0,0,0,0,0,0,0,0,27,0,0
1952,Hayward,0,0,0,1,5,2,Song,5,0,0,0,1,2,0,2,0,0,0,0,0,0,0,1,0,0,0,0,34,0,0
1951,American,1,0,0,0,1,1,American,8,1,1,0,0,0,0,0,0,0,1,0,0,0,0,0,0,0,0,0,0,113,168
1951,Decision,1,0,0,0,2,2,Decision,2,1,0,0,0,0,0,0,0,0,0,0,0,0,0,0,0,0,0,0,0,119,90
1951,Place,1,0,0,0,3,2,Place,9,1,1,1,1,0,0,0,0,1,0,0,0,0,0,0,1,0,0,0,0,122,219
1951,Quo,1,0,0,0,4,2,Quo,8,1,0,0,0,0,0,0,0,0,0,0,0,0,0,0,0,0,0,0,0,171,133
1951,Streetcar,1,0,0,0,5,2,Streetcar,12,1,1,1,1,0,0,0,0,0,0,0,0,0,0,0,0,0,0,0,0,122,184
1951,HustonJ,0,1,0,0,1,2,African,4,0,1,1,1,2,1,0,0,0,0,0,0,0,0,0,0,0,0,0,0,0,0
1951,Kazan,0,1,0,0,2,2,Streetcar,12,1,1,1,1,1,1,0,0,0,0,0,0,0,0,0,0,0,0,0,0,0,0
1951,Minnelli,0,1,0,0,3,2,American,8,1,1,0,0,0,0,0,0,0,0,0,0,0,0,0,0,0,0,0,0,0,0
1951,Stevens,0,1,0,0,4,1,Place,9,1,1,1,1,1,0,0,0,0,0,0,0,0,0,0,0,1,0,0,0,0,0
1951,Wyler,0,1,0,0,5,2,Detective,3,0,1,0,1,7,2,0,0,0,0,0,0,0,0,0,0,0,0,0,0,0,0
1951,Bogart,0,0,1,0,1,1,African,4,0,1,1,1,1,0,1,0,0,0,0,0,0,0,0,0,0,0,0,52,0,0
1951,Brando,0,0,1,0,2,2,Streetcar,12,1,1,1,1,0,0,0,0,0,0,0,0,0,0,0,0,0,0,0,27,0,0
1951,Clift,0,0,1,0,3,2,Place,9,1,1,1,1,1,0,1,0,0,0,0,0,0,0,0,0,0,0,0,31,0,0
1951,Kennedy,0,0,1,0,4,2,Victory,2,0,0,1,0,1,0,0,0,0,0,0,0,0,0,0,0,0,0,0,37,0,0
1951,March,0,0,1,0,5,2,Salesman,5,0,0,1,0,4,2,4,2,0,0,0,1,0,0,0,0,0,0,0,54,0,0
1951,HepburnK,0,0,0,1,1,2,African,4,0,1,1,1,4,1,4,1,0,0,0,0,0,0,0,0,0,0,0,44,0,0
1951,Leigh,0,0,0,1,2,1,Streetcar,12,1,1,1,1,1,1,1,1,0,0,0,0,0,0,0,0,0,0,0,38,0,0
1951,Parker,0,0,0,1,3,2,Detective,3,0,1,0,1,1,0,1,0,0,0,0,0,0,0,0,0,0,0,0,29,0,0
1951,Winters,0,0,0,1,4,2,Place,9,1,1,1,1,0,0,0,0,0,0,0,0,0,0,0,0,0,0,0,31,0,0
1951,Wyman,0,0,0,1,5,2,Veil,2,0,0,0,1,2,1,2,1,0,0,0,0,0,1,0,0,0,0,0,37,0,0
