docket,term,party_1,party_2,rehndir,stevdir,ocondir,scaldir,kendir,soutdir,thomdir,gindir,brydir,petit,respon,circuit,unconst,lctdir,issue,result
92-2038,1994,FOOD,FARMER,1,0,1,1,1,1,1,1,1,BUSINESS,BUSINESS,FED,0,liberal,ECN,1
93-1001,1994,FRANCHIS,O,0,0,0,1,0,0,1,0,0,OTHER,OTHER,11th,0,conser,ECN,0
93-1128,1994,VTAD,VETERAN,0,0,0,0,0,0,0,0,0,OTHER,OTHER,FED,0,liberal,CR,0
93-1151,1994,FEC,PAC,1,0,1,1,1,1,1,9,1,OTHER,OTHER,DC,0,conser,JUD,1
93-1170,1994,US,UNION,1,0,0,1,0,0,1,0,0,US,OTHER,DC,0,liberal,FA,0
93-1197,1994,IC GOEE,IC,1,0,1,1,0,0,1,0,0,EE,OTHER,3rd,0,conser,ECN,0
93-1199,1994,ALIEN,INS,1,1,0,1,1,0,1,1,0,OTHER,OTHER,6th,0,conser,CR,1
93-1251,1994,HHS,HOSPITAL,1,1,0,0,1,0,0,1,1,OTHER,BUSINESS,6th,0,liberal,JUD,1
93-1260,1994,US,STUDENT,1,0,1,1,1,0,1,0,0,US,OTHER,5th,0,conser,FED,1
93-1286,1994,AIRLINE,CONSUMER,0,1,1,9,0,0,1,0,0,BUSINESS,OTHER,7th,0,conser,ECN,0
93-1318,1994,ICC,TRUCK,1,1,1,1,1,1,1,1,1,OTHER,BUSINESS,9th,0,liberal,TAX,1
93-1340,1994,US,AC,1,0,1,1,1,0,1,1,1,US,DEF,9th,0,liberal,CP,1
93-1408,1994,HEAL,INSURE,1,1,1,1,1,1,1,1,1,BUSINESS,BUSINESS,2nd,0,liberal,ECN,1
93-1456,1994,PI,VOTER,1,0,1,1,0,0,1,0,0,BUSINESS,POL,8th,0,liberal,CR,0
93-1462,1994,CA DEPT,PRISONER,1,0,1,1,1,0,1,1,1,OTHER,DEF,9th,0,liberal,CP,1
93-1504,1994,BANKRUPT,PIP,1,0,1,1,1,1,1,0,1,OTHER,IP,5th,0,liberal,JUD,1
93-1525,1994,FILM,AMTRAK,0,0,1,0,0,0,0,0,0,OTHER,OTHER,2nd,1,conser,ECN,0
93-1543,1994,FEE,ER,0,0,0,0,0,0,0,0,0,EE,ER,6th,0,conser,CR,0
93-1577,1994,MFR,MFR,1,1,1,1,1,1,1,1,1,BUSINESS,BUSINESS,9th,0,liberal,ECN,1
93-1612,1994,BANK,INSURE,1,1,1,1,1,1,1,1,1,BUSINESS,BUSINESS,5th,0,liberal,ECN,1
93-1631,1994,TREA,BREWERY,0,0,0,0,0,0,0,0,0,OTHER,BUSINESS,10th,0,liberal,FA,0
93-1636,1994,O,AL COUNT,1,1,1,1,1,1,1,1,1,OTHER,OTHER,11th,0,liberal,CR,1
93-1660,1994,AZ,AC,1,0,1,1,1,1,1,0,1,STATE,DEF,9th,0,liberal,CP,1
93-1677,1994,OK COMN,BUS,0,0,1,0,0,0,0,0,1,OTHER,BUSINESS,8th,0,conser,ECN,0
93-1783,1994,OWCP,ER,1,1,1,1,1,1,1,1,1,OTHER,ER,4th,0,conser,JUD,1
93-1823,1994,MO,RAMISTU,1,0,1,1,1,0,1,0,0,STATE,OTHER,8th,1,liberal,CR,1
93-1841,1994,KOR,DOT,1,0,1,1,1,0,1,0,0,BUSINESS,OTHER,10th,1,liberal,CR,1
93-1883,1994,CA DEPT,POOR,1,1,1,1,1,1,1,1,1,OTHER,OTHER,9th,0,liberal,FED,1
93-1911,1994,HI,PRISONER,1,0,1,1,1,0,1,0,0,STATE,DEF,9th,0,liberal,DP,1
93-1935,1994,ER,RETIREE,1,1,1,1,1,1,1,1,1,ER,OTHER,3rd,0,liberal,JUD,1
93-2068,1994,PRISONER,US GOEE,0,0,0,0,0,0,0,0,0,DEF,EE,DC,0,conser,CP,0
93-404,1994,STOCK,INVESTOR,1,1,1,0,1,1,0,0,0,OTHER,OTHER,7th,0,liberal,ECN,1
93-6892,1994,AC,US,1,0,1,0,0,0,1,0,1,DEF,US,10th,0,conser,CP,0
93-714,1994,CREDITOR,BANKRUPT,0,0,0,0,0,0,0,0,0,OTHER,OTHER,9th,0,liberal,ECN,0
93-723,1994,US,ARCADE,0,0,0,1,0,0,1,0,0,US,BUSINESS,9th,0,liberal,JUD,0
93-7407,1994,CC,OH,1,0,0,1,0,0,1,0,0,DEF,STATE,6th,1,conser,JUD,0
93-762,1994,IP,KOR,0,9,0,0,0,0,0,0,9,IP,BUSINESS,7th,0,liberal,ECN,0
93-7659,1994,CC,AL,1,0,1,1,1,1,1,1,1,DEF,STATE,11th,1,conser,CP,1
93-768,1994,EE TRUST,ER,1,1,1,1,1,1,1,1,1,OTHER,ER,7th,0,conser,UN,1
93-7901,1994,CC,MO,1,0,0,1,1,0,1,0,0,DEF,STATE,8th,0,conser,CP,0
93-7927,1994,CC,LA,1,0,0,1,1,0,1,0,0,DEF,STATE,5th,0,conser,CP,0
93-823,1994,NB DEPT,ND TAXP,1,1,1,1,1,1,1,1,1,OTHER,OF,8th,0,liberal,ECN,1
93-908,1994,US GREE,GA OF,1,1,1,1,1,1,1,1,1,OTHER,OF,11th,0,conser,TAX,1
93-981,1994,US,AC,1,1,1,1,1,1,1,1,1,US,DEF,9th,0,liberal,CP,1
93-986,1994,PROT,OH COMN,1,0,0,1,0,0,0,0,0,OTHER,OTHER,6th,1,conser,FED,0
94-167,1994,PIP,US GOEE,1,0,0,1,0,1,1,0,0,IP,EE,4th,0,conser,ECN,0
94-172,1994,BANKRUPT,US,1,0,1,0,0,1,0,0,0,OTHER,US,6th,0,conser,JUD,0
94-18,1994,INVESTOR,BROKER,0,0,0,0,0,0,1,0,0,OTHER,BUSINESS,7th,0,conser,ECN,0
94-197,1994,CA DEPT,POOR,1,1,1,1,1,1,1,1,1,OTHER,OTHER,9th,0,conser,IR,1
94-226,1994,PRO,ATTY,1,0,1,1,0,0,1,0,1,BUSINESS,OTHER,11th,0,liberal,AT,1
94-23,1994,WA CITY,HANDICAP,0,0,0,1,1,0,1,0,0,CITY,OTHER,9th,0,liberal,JUD,0
94-251,1994,US,MINE,1,1,1,1,1,1,1,1,1,US,BUSINESS,9th,0,liberal,FED,1
94-270,1994,US,US JUDGE,0,0,0,1,1,0,1,0,0,US,OTHER,9th,0,conser,CP,0
94-286,1994,MFR,PIP,1,1,1,1,1,1,1,1,1,BUSINESS,IP,11th,0,conser,FED,1
94-3,1994,OUT OF S,PIP,0,0,0,0,0,0,0,0,0,OTHER,IP,6th,1,conser,CP,0
94-325,1994,BOAT,EE,0,0,0,0,0,0,0,0,0,BUSINESS,EE,2nd,0,liberal,ECN,0
94-329,1994,STUDENT,VA U,1,0,1,1,1,0,1,0,0,OTHER,OTHER,4th,1,liberal,FA,1
94-367,1994,ATTY,DEBTOR,0,0,0,0,0,0,0,0,0,OTHER,OTHER,7th,0,liberal,CP,0
94-372,1994,HHS,CHILD,1,1,1,1,1,1,1,1,1,OTHER,OTHER,FED,0,liberal,ECN,1
94-395,1994,US,TAXP,0,1,1,1,0,1,0,1,1,US,OF,9th,0,conser,FED,1
94-431,1994,MILITARY,US,0,0,0,0,0,0,0,0,0,OTHER,US,FED,0,conser,JUD,0
94-455,1994,IL GOEE,ARRESTEE,1,1,1,1,1,1,1,1,1,EE,OTHER,7th,0,conser,CP,1
94-500,1994,IRS,TAXP,0,0,1,0,0,1,1,0,0,OTHER,OF,5th,0,conser,TAX,0
94-514,1994,US,AC,0,0,0,0,0,0,0,0,0,US,DEF,9th,0,liberal,CP,0
94-558,1994,US,VOTER,1,1,1,1,1,1,1,1,1,US,POL,5th,0,liberal,CR,1
94-560,1994,BROKER,INVESTOR,0,0,0,0,0,0,0,0,0,BUSINESS,OTHER,3rd,0,liberal,ECN,0
94-562,1994,INSURE,O,0,0,0,0,0,0,0,0,9,BUSINESS,OTHER,5th,0,liberal,JUD,0
94-5707,1994,AC,AR,0,0,0,0,0,0,0,0,0,DEF,STATE,8th,1,conser,CP,0
94-590,1994,ORSCHDIS,STUDENT,1,0,0,1,1,0,1,1,1,OTHER,OTHER,9th,0,liberal,CP,1
94-6187,1994,AC,US,1,0,1,1,1,1,1,1,1,DEF,US,5th,1,conser,CP,1
94-623,1994,INSURE,SHIPPER,1,0,1,1,1,1,1,1,9,BUSINESS,BUSINESS,1st,0,conser,ECN,1
94-631,1994,GA OF,VOTER,1,0,1,1,1,0,1,0,0,OF,POL,11th,0,conser,CR,1
94-6790,1994,CC,MS,1,0,0,0,0,0,1,0,0,DEF,STATE,5th,0,conser,CP,0
94-688,1994,TRUCK,OK COMN,1,1,1,1,1,1,1,1,1,BUSINESS,OTHER,10th,0,conser,JUD,1
94-749,1994,VETERAN,GAY,0,0,0,0,0,0,0,0,0,OTHER,OTHER,1st,1,conser,FA,0
94-771,1994,OK COMN,INDIAN,1,0,0,1,1,0,1,1,0,OTHER,INDIAN,10th,0,liberal,CR,1
94-780,1994,OH CITY,PROT,1,0,1,1,1,1,1,0,1,CITY,OTHER,6th,1,conser,FA,1
94-788,1994,WI CITY,BOAT,0,0,0,0,0,0,0,0,9,CITY,BUSINESS,7th,0,liberal,ECN,0
94-790,1994,AG,D,1,0,1,1,1,1,1,1,1,OTHER,DEF,3rd,0,liberal,CP,1
94-820,1994,ER,EE,1,0,1,1,1,1,1,1,1,ER,EE,9th,0,liberal,JUD,1
94-834,1994,ER,EE,1,1,1,1,1,1,1,1,1,ER,EE,3rd,0,conser,FED,1
94-859,1994,DOI,TIMBER C,1,0,0,1,0,0,1,0,0,OTHER,OTHER,DC,0,conser,JUD,0
94-1039,1995,POL,GAY,1,0,0,1,0,0,1,0,0,POL,OTHER,10th,0,liberal,CR,0
94-1140,1995,BAR,RI,0,0,0,0,0,0,0,0,0,BUSINESS,STATE,1st,1,conser,FA,0
94-1175,1995,BANK,BANK,0,0,0,0,0,0,0,0,0,BUSINESS,BUSINESS,7th,0,conser,JUD,0
94-12,1995,INDIAN,FL,1,0,1,1,1,0,1,0,0,INDIAN,STATE,11th,0,conser,CR,1
94-1239,1995,NC TAXP,NC OF,1,1,1,1,1,1,1,1,1,OF,OF,4th,1,liberal,FED,1
94-1244,1995,US OF,MGMT,0,1,0,0,0,0,0,0,1,OF,BUSINESS,9th,0,conser,JUD,0
94-1340,1995,BANK,DEBTOR,1,1,1,1,1,1,1,1,1,BUSINESS,OTHER,4th,0,liberal,ECN,1
94-1387,1995,BOAT,PIP,0,0,0,0,0,0,0,0,0,BUSINESS,IP,3rd,0,liberal,FED,0
94-1453,1995,ER,EE,1,0,1,1,1,1,1,1,1,ER,EE,4th,0,liberal,ECN,1
94-1471,1995,ER,EE,0,0,1,1,0,0,1,0,0,ER,EE,8th,0,liberal,ECN,0
94-1511,1995,AZ,PRISONER,1,0,1,1,1,1,1,1,1,STATE,DEF,9th,0,liberal,JUD,1
94-1530,1995,TENANT,O,1,1,1,1,1,1,1,1,1,OTHER,OTHER,6th,0,conser,JUD,1
94-1592,1995,UNION,RR,1,1,1,1,1,1,1,1,1,OTHER,BUSINESS,7th,0,conser,UN,1
94-1614,1995,WI,NY CITY,1,1,1,1,1,1,1,1,1,STATE,CITY,2nd,0,liberal,JUD,1
94-1654,1995,KS COUNT,KOR,0,0,0,1,0,0,1,0,0,OTHER,BUSINESS,10th,0,liberal,ECN,0
94-1664,1995,CC,US,0,1,0,0,0,1,0,1,1,DEF,US,9th,0,conser,CP,0
94-1785,1995,IRS,TAXP,0,1,0,0,0,0,1,0,0,OTHER,OF,4th,0,conser,TAX,0
94-1809,1995,ELEC CO,INVESTOR,1,0,1,1,1,0,1,0,1,BUSINESS,OTHER,9th,0,liberal,JUD,1
94-1837,1995,BANK,FL OF,0,0,0,0,0,0,0,0,0,BUSINESS,OF,11th,0,conser,ECN,0
94-1893,1995,US,PHONE,1,1,1,1,1,1,1,1,1,US,BUSINESS,4th,0,liberal,FA,1
94-1941,1995,US,VA,0,0,0,1,0,0,9,0,0,US,STATE,4th,1,conser,CR,0
94-1966,1995,MILITARY,US,1,1,1,1,1,1,1,1,1,OTHER,US,FED,1,conser,JUD,1
94-203,1995,VOTER,POL,1,0,0,1,1,0,1,0,0,POL,POL,4th,1,conser,CR,0
94-6615,1995,AC,AK,1,0,0,0,0,0,1,0,0,DEF,STATE,9th,0,conser,CP,0
94-7427,1995,CC,US,1,0,1,1,1,1,1,1,1,DEF,US,10th,1,conser,CP,1
94-7448,1995,AC,US,0,0,0,0,0,0,0,0,0,DEF,US,DC,1,conser,CP,0
94-805,1995,TX OF,VOTER,1,0,1,1,1,0,1,0,0,OF,POL,5th,0,conser,CR,1
94-818,1995,KOR,US,1,9,0,1,1,1,1,1,0,BUSINESS,US,FED,0,conser,ECN,1
94-8729,1995,O,MI,1,0,1,1,0,0,1,1,0,OTHER,STATE,6th,1,conser,DP,1
94-8769,1995,AC,US,0,0,0,0,0,0,0,0,0,DEF,US,7th,1,conser,CP,0
94-896,1995,CAR DEAL,BUYER,0,1,1,0,1,1,0,0,1,BUSINESS,OTHER,11th,1,liberal,FED,1
94-9088,1995,CC,US,1,1,1,1,1,1,1,1,1,DEF,US,7th,0,conser,CP,1
94-923,1995,VOTER,NC OF,1,0,1,1,1,0,1,0,0,POL,OF,4th,0,liberal,JUD,1
94-9247,1995,AC,US,1,0,1,1,0,1,1,1,1,DEF,US,6th,1,conser,CP,1
94-947,1995,NLRB,ER,0,0,0,0,0,0,0,0,0,OTHER,ER,8th,0,conser,UN,0
94-967,1995,CREDITOR,DEBTOR,1,1,1,0,1,1,1,1,0,OTHER,OTHER,1st,0,liberal,ECN,1
95-124,1995,CABLE TV,FCC,1,1,1,1,0,1,1,0,1,BUSINESS,OTHER,DC,1,conser,FA,1
95-129,1995,BOAT,BOAT,1,1,1,1,1,1,1,1,1,BUSINESS,BUSINESS,9th,1,conser,ECN,1
95-157,1995,US,AC,1,0,1,1,1,1,1,1,1,US,DEF,9th,0,liberal,JUD,1
95-173,1995,O,US,0,0,0,0,0,0,0,0,0,OTHER,US,9th,1,conser,ECN,0
95-191,1995,KOR,IL CITY,0,0,0,1,0,0,1,0,0,BUSINESS,CITY,7th,1,conser,FA,0
95-210,1995,FARMER,NLRB,1,0,1,1,0,0,1,0,0,BUSINESS,OTHER,4th,0,liberal,UN,0
95-232,1995,EE,US,1,0,1,0,0,0,1,0,0,EE,US,5th,0,conser,JUD,0
95-244,1995,CA OF,INSURE,0,0,0,0,0,0,0,0,0,OF,BUSINESS,9th,0,liberal,JUD,0
95-26,1995,INVENTOR,MFR,1,1,1,1,1,1,1,1,1,OTHER,BUSINESS,FED,1,conser,ECN,1
95-266,1995,PIP,IL GOEE,1,0,0,1,0,0,0,0,0,IP,EE,7th,0,liberal,JUD,0
95-323,1995,US,BANKRUPT,0,0,0,0,0,0,0,0,0,US,OTHER,6th,0,conser,ECN,0
95-325,1995,US,ER,0,0,0,0,0,0,0,0,0,US,ER,10th,0,conser,TAX,0
95-340,1995,UNION,ER,0,0,0,0,0,0,0,0,0,OTHER,ER,8th,0,conser,UN,0
95-345,1995,US,CC,1,0,1,1,1,1,1,1,1,US,DEF,6th,0,liberal,CP,1
95-354,1995,EE,ER,0,0,0,0,0,0,0,0,0,EE,ER,4th,0,conser,CR,0
95-365,1995,STUDENT,DOT,1,0,1,1,1,1,1,1,0,OTHER,OTHER,DC,0,conser,JUD,1
95-386,1995,AL TAXP,AL COUNT,0,0,0,0,0,0,0,0,0,OF,OTHER,11th,1,conser,DP,0
95-388,1995,EE,ER,1,0,1,1,1,1,1,1,1,EE,ER,DC,0,conser,UN,1
95-489,1995,POL,FEC,0,1,0,0,0,0,0,1,0,POL,OTHER,10th,1,conser,FA,0
95-5015,1995,CC,GA,1,0,0,1,1,0,1,0,0,DEF,STATE,11th,0,conser,CP,0
95-5207,1995,CRIM INS,OK,0,0,0,0,0,0,0,0,0,OTHER,STATE,10th,1,conser,CP,0
95-5257,1995,AC,US,0,0,0,1,0,0,0,0,0,DEF,US,7th,0,conser,CP,0
95-559,1995,FRACHISO,FRANCHIS,0,0,0,0,0,0,1,0,0,OTHER,OTHER,9th,0,conser,JUD,0
95-566,1995,MT,AC,1,0,0,1,1,0,1,1,0,STATE,DEF,9th,0,liberal,DP,1
95-5661,1995,CC,US,1,1,0,1,1,1,1,1,0,DEF,US,3rd,0,conser,CP,1
95-5841,1995,AC,US,1,1,1,1,1,1,1,1,1,DEF,US,DC,1,conser,CP,1
95-591,1995,US,TAXP,1,9,1,1,0,1,1,0,1,US,OF,FED,0,conser,TAX,1
95-6,1995,RR,EE,1,1,1,1,1,1,1,1,1,BUSINESS,EE,7th,0,liberal,ECN,1
95-6465,1995,AC,US,1,0,1,1,1,1,1,0,1,DEF,US,2nd,1,conser,CP,1
95-6510,1995,CC,VA,1,0,1,1,1,0,1,0,0,DEF,STATE,4th,1,liberal,DP,1
95-668,1995,ER,NLRB,0,0,0,0,0,0,0,0,0,ER,OTHER,1st,0,liberal,UN,0
95-719,1995,REPORTER,FILM,1,0,0,1,0,0,1,0,0,OTHER,OTHER,2nd,1,conser,FED,0
95-754,1995,MEDICAL,PIP,1,0,1,1,0,0,1,0,0,BUSINESS,IP,11th,0,liberal,FED,0
95-809,1995,ER,EE,1,1,1,1,1,1,1,1,1,ER,EE,9th,0,liberal,ECN,1
95-83,1995,O,RESTRANT,1,1,1,1,1,1,1,1,1,OTHER,BUSINESS,9th,0,liberal,JUD,1
95-860,1995,CONSUMER,BANK,1,1,1,1,1,1,1,1,1,OTHER,BUSINESS,9th,0,conser,ECN,1
95-865,1995,US,BANK,1,0,0,0,0,0,0,1,0,US,BUSINESS,FED,0,liberal,JUD,0
95-8836,1995,CC,GA,1,1,1,1,1,1,1,1,1,DEF,STATE,11th,1,conser,JUD,1
94-1474,1996,ID,INDIAN,1,0,1,1,1,0,1,0,0,STATE,INDIAN,9th,0,liberal,CR,1
94-1988,1996,NONPROFI,ME CITY,1,0,0,1,0,0,1,1,0,OTHER,CITY,1st,1,conser,FED,0
95-1065,1996,PROT,HEAL,0,0,0,1,1,0,1,0,0,OTHER,BUSINESS,2nd,1,liberal,FA,0
95-1081,1996,ER,OWCP,0,0,0,0,0,0,0,0,0,ER,OTHER,5th,0,liberal,ECN,0
95-1100,1996,OK COUNT,PIP,1,0,1,1,1,0,1,0,0,OTHER,IP,5th,0,liberal,ECN,1
95-1181,1996,BROKER,CFTC,1,1,1,1,1,1,1,1,1,BUSINESS,OTHER,2nd,0,liberal,ECN,1
95-1184,1996,AGRI,FARMER,0,1,1,0,1,0,0,1,1,OTHER,BUSINESS,9th,0,liberal,FA,1
95-1201,1996,VOTER,CA COUNT,0,0,0,0,0,0,0,0,0,POL,OTHER,9th,0,conser,CR,0
95-1225,1996,US,TAXP,0,0,0,0,0,0,0,0,0,US,OF,9th,0,conser,TAX,0
95-1228,1996,US,AC,1,0,1,1,1,1,1,1,1,US,DEF,8th,0,liberal,CP,1
95-1232,1996,MOTOR CO,OH OF,0,1,0,0,0,0,0,0,0,BUSINESS,OF,6th,1,liberal,FED,0
95-1263,1996,MOTOR CO,PIP,0,0,0,0,0,0,0,0,0,BUSINESS,IP,6th,0,conser,JUD,0
95-1268,1996,MD,AC,1,0,1,1,0,1,1,1,1,STATE,DEF,4th,0,liberal,CP,1
95-1340,1996,AIR MFR,EE,1,1,1,1,1,1,1,1,1,BUSINESS,EE,9th,0,liberal,ECN,1
95-1352,1996,WA OF,PRISONER,1,1,1,1,1,1,1,1,1,OF,DEF,9th,0,liberal,DP,1
95-1376,1996,EE,ER,0,0,0,0,0,0,0,0,0,EE,ER,4th,0,conser,CR,0
95-1402,1996,IRS,TAXP,1,1,1,0,1,1,1,1,0,OTHER,OF,11th,0,conser,TAX,1
95-1425,1996,VOTER,GA OF,1,0,1,1,1,0,1,0,0,POL,OF,11th,0,conser,JUD,1
95-1441,1996,AZ OF,MOTHER,1,1,1,1,1,1,1,1,1,OF,OTHER,9th,1,liberal,ECN,1
95-1455,1996,AG,LASCHDIS,1,0,1,1,1,0,1,1,1,OTHER,OTHER,DC,0,liberal,CR,1
95-1478,1996,MT OF,US,1,0,1,1,1,0,1,0,0,OF,US,9th,1,liberal,CP,1
95-1521,1996,DOS,PI,1,1,1,1,1,1,1,1,1,OTHER,BUSINESS,DC,0,liberal,JUD,1
95-1594,1996,NY OF,EE TRUST,1,1,1,9,1,1,9,1,1,OF,OTHER,2nd,0,liberal,ECN,1
95-1595,1996,DOI,INDIAN,1,0,1,1,1,1,1,1,1,OTHER,INDIAN,9th,0,conser,CR,1
95-1598,1996,PROBATIO,OK,0,0,0,0,0,0,0,0,0,OTHER,STATE,10th,0,liberal,DP,0
95-1605,1996,US,CC,1,0,1,1,1,1,1,1,0,US,DEF,10th,0,liberal,CP,1
95-1608,1996,MN COUNT,POL,1,0,1,1,1,0,1,0,1,OTHER,POL,8th,0,liberal,CR,1
95-1621,1996,ER,EE,1,0,1,1,1,1,1,0,0,ER,EE,9th,0,liberal,JUD,1
95-1649,1996,KS,CRIM INS,1,0,1,1,1,0,1,0,0,STATE,OTHER,10th,0,liberal,DP,1
95-1694,1996,CA U,OUT OF S,1,1,1,1,1,1,1,1,1,OTHER,OTHER,9th,1,liberal,ECN,1
95-1717,1996,US,TN JUDGE,1,1,1,1,1,1,1,1,1,US,OTHER,6th,1,liberal,DP,1
95-1723,1996,BANKRUPT,ATTY,1,1,1,1,1,1,1,1,1,OTHER,OTHER,9th,0,conser,ECN,1
95-1726,1996,US,CC,1,0,1,1,1,1,1,0,0,US,DEF,1st,0,liberal,CP,1
95-1764,1996,FISH,MFR,0,0,1,1,0,0,1,0,0,OTHER,BUSINESS,9th,0,conser,ECN,0
95-1853,1996,POL,IP,0,0,0,0,0,0,0,0,0,POL,IP,8th,1,liberal,JUD,0
95-1858,1996,NY,PHYSICIA,1,1,1,1,1,1,1,1,1,STATE,OTHER,2nd,0,liberal,PRIV,1
95-1872,1996,INDIAN,KOR,1,1,1,1,1,1,1,1,1,INDIAN,BUSINESS,8th,0,conser,CR,1
95-1873,1996,BUYER,INSURE,1,1,1,1,1,1,1,1,1,OTHER,BUSINESS,11th,1,conser,DP,1
95-1918,1996,AR,FARMER,1,1,1,1,1,1,1,1,1,STATE,BUSINESS,8th,0,liberal,JUD,1
95-2024,1996,VOTER,DOJ,0,0,1,1,1,0,1,0,0,POL,OTHER,11th,1,liberal,FED,0
95-2031,1996,VOTER,MS,0,0,0,0,0,0,0,0,0,POL,STATE,5th,0,conser,CR,0
95-2074,1996,TX CITY,CHURCH,1,1,0,1,1,9,1,1,0,CITY,OTHER,5th,1,liberal,JUD,1
95-259,1996,FEE,ER,0,0,0,0,0,0,0,0,0,EE,ER,7th,0,conser,CR,0
95-6556,1996,AC,US,1,0,1,1,0,0,1,0,0,DEF,US,9th,0,conser,CP,0
95-728,1996,MFR,MFR,0,0,0,0,0,0,0,0,0,BUSINESS,BUSINESS,FED,0,conser,ECN,0
95-7452,1996,PRISONER,IL,0,0,0,0,0,0,0,0,0,DEF,STATE,11th,1,conser,CP,0
95-789,1996,CA DEPT,KOR,0,0,0,0,0,0,0,0,0,OTHER,BUSINESS,9th,0,conser,JUD,0
95-813,1996,OR NONMU,DOI,0,0,0,0,0,0,0,0,0,OTHER,OTHER,9th,0,conser,JUD,0
95-853,1996,MOTHER,CHILD,1,0,0,1,0,0,1,0,0,OTHER,OTHER,5th,1,conser,DP,0
95-891,1996,OH,AC,1,0,1,1,1,1,1,1,1,STATE,DEF,6th,0,liberal,CP,1
95-897,1996,MO GOEE,MO CITY,1,1,1,1,1,1,1,1,1,EE,CITY,8th,0,conser,UN,1
95-928,1996,MGMT,FDIC,0,0,0,0,0,0,0,0,0,BUSINESS,OTHER,3rd,0,liberal,ECN,0
95-938,1996,INS,ALIEN,1,1,1,1,1,1,1,1,1,OTHER,OTHER,9th,0,liberal,CR,1
95-966,1996,TAXP,US,0,0,1,1,0,0,1,0,0,OF,US,10th,0,liberal,JUD,0
95-974,1996,AZ GOEE,AZ,1,1,1,1,1,1,1,1,1,EE,STATE,9th,0,conser,FA,1
95-992,1996,CABLE TV,FCC,1,1,0,0,1,1,0,0,1,BUSINESS,OTHER,DC,1,conser,FA,1
96-110,1996,WA,PHYSICIA,1,1,1,1,1,1,1,1,1,STATE,OTHER,9th,0,liberal,PRIV,1
96-126,1996,POL,GA OF,1,0,0,0,0,0,0,0,0,POL,OF,11th,1,conser,PRIV,0
96-1671,1996,OMB,SENATOR,1,0,1,1,1,1,1,1,0,OTHER,POL,DC,0,liberal,JUD,1
96-203,1996,AC,US,1,1,1,1,1,1,1,1,1,DEF,US,11th,1,conser,CP,1
96-243,1996,O,IC,0,0,0,0,0,0,0,0,0,OTHER,OTHER,9th,1,conser,DP,0
96-262,1996,MILITARY,US,1,1,1,1,1,1,1,1,1,OTHER,US,FED,0,conser,JUD,1
96-270,1996,MFR,EE,1,0,9,1,1,1,1,1,0,BUSINESS,EE,3rd,0,conser,JUD,1
96-272,1996,BOAT,EE,0,0,1,1,0,0,1,0,0,BUSINESS,EE,9th,0,liberal,ECN,0
96-292,1996,ID OF,ID GOFEE,1,1,1,1,1,1,1,1,1,OF,OTHER,9th,0,conser,CP,1
96-318,1996,EE,PRISONER,1,0,0,1,1,0,1,0,0,EE,DEF,6th,0,liberal,ECN,0
96-320,1996,RR,EE,1,0,1,1,1,1,1,0,1,BUSINESS,EE,2nd,0,liberal,ECN,1
96-454,1996,CREDITOR,BANKRUPT,1,0,1,1,1,1,1,1,1,OTHER,OTHER,5th,0,liberal,ECN,1
96-491,1996,EE,RR,0,0,0,0,0,0,0,0,0,EE,BUSINESS,9th,0,conser,ECN,0
96-511,1996,AG,PI,0,0,0,0,0,0,0,0,0,OTHER,BUSINESS,3rd,0,liberal,FA,0
96-542,1996,CC,AL COUNT,1,0,1,1,1,0,1,0,0,DEF,OTHER,11th,0,conser,CR,1
96-552,1996,PARENT,NY TAXP,1,0,1,1,1,0,1,0,0,OTHER,OF,2nd,0,liberal,FA,1
96-5658,1996,CC,FL,1,0,0,1,1,1,1,0,0,DEF,STATE,11th,0,conser,CP,1
96-5955,1996,AC,WI,1,1,1,1,1,1,1,1,1,DEF,STATE,7th,1,conser,CP,1
96-6133,1996,CC,IL,0,0,0,0,0,0,0,0,0,DEF,STATE,7th,0,conser,CP,0
96-6298,1996,CC,WI,1,0,0,1,1,0,1,0,0,DEF,STATE,7th,0,conser,CP,0
96-651,1996,PA,PA GOEE,1,1,1,1,1,1,1,1,1,STATE,EE,3rd,0,liberal,UN,1
96-663,1996,FARMER,SELLER,1,1,1,1,1,1,1,1,1,BUSINESS,OTHER,8th,0,conser,JUD,1
96-667,1996,US,D,1,1,1,1,1,1,1,1,1,US,DEF,9th,0,liberal,CP,1
96-6867,1996,CC,VA,1,0,1,1,1,0,1,0,0,DEF,STATE,4th,1,conser,DP,1
96-79,1996,WIFE,CHILD,1,0,1,0,0,0,0,1,1,OTHER,OTHER,5th,0,conser,ECN,0
96-842,1996,US,ATTY,1,0,0,1,0,0,1,0,0,US,OTHER,8th,0,conser,ECN,0
96-1037,1997,INDIAN,BUSINESS,0,1,0,0,0,0,1,0,1,INDIAN,OTHER,10th,1,conser,CR,0
96-1060,1997,ALIEN,DOS,1,1,1,1,1,0,1,0,0,OTHER,OTHER,DC,1,conser,DP,1
96-1133,1997,US,MILITARY,1,0,1,1,1,1,1,1,1,US,OTHER,FED,0,liberal,DP,1
96-1279,1997,AC,US,0,1,1,1,0,0,1,1,1,DEF,US,11th,1,conser,DP,1
96-1291,1997,EE,ER,1,0,0,1,0,0,1,0,0,EE,ER,5th,0,conser,UN,0
96-1337,1997,CA COUNT,PIP,1,1,1,1,1,1,1,1,1,OTHER,IP,9th,0,liberal,DP,1
96-1370,1997,CREDITOR,BANKRUPT,0,0,0,0,0,0,0,0,0,OTHER,OTHER,8th,0,liberal,ECN,0
96-1375,1997,HOSPITAL,HHS,1,1,0,0,1,1,0,1,1,BUSINESS,OTHER,8th,0,conser,JUD,1
96-1395,1997,OPM,GOEE,1,1,1,1,1,1,1,1,1,OTHER,EE,FED,0,liberal,DP,1
96-1400,1997,CA,BUSINESS,0,0,0,0,0,0,0,0,0,STATE,OTHER,9th,0,liberal,FED,0
96-1462,1997,NONRES,NY COMN,0,1,1,1,0,1,1,0,1,OTHER,OTHER,2nd,1,conser,FED,1
96-1469,1997,US,PRISONER,1,1,1,1,1,1,1,1,1,US,DEF,9th,0,liberal,CP,1
96-1470,1997,DISTRIBU,MFR,0,0,0,0,0,0,0,0,0,OTHER,BUSINESS,9th,0,conser,ECN,0
96-1482,1997,PRO,ATTY,1,1,1,1,1,1,1,1,1,BUSINESS,OTHER,9th,0,liberal,CP,1
96-1487,1997,US,AC,1,0,1,1,1,0,0,0,0,US,DEF,9th,0,liberal,CP,0
96-1569,1997,MA OF,MA GOMFE,1,1,1,1,1,1,1,1,1,OF,OTHER,1st,0,liberal,ECN,1
96-1577,1997,AK,INDIAN,1,1,1,1,1,1,1,1,1,STATE,INDIAN,9th,0,liberal,CR,1
96-1578,1997,TX S CT,PI,1,0,1,1,1,0,1,0,0,OTHER,BUSINESS,5th,0,conser,JUD,1
96-1579,1997,AC,US,1,0,1,1,1,1,1,1,0,DEF,US,2nd,1,conser,CP,1
96-1581,1997,SD,INDIAN,1,1,1,1,1,1,1,1,1,STATE,INDIAN,8th,0,liberal,CR,1
96-1584,1997,AC,LA,0,0,0,1,0,0,1,0,0,DEF,STATE,5th,1,conser,DP,0
96-1590,1997,FEC,VOTER,0,0,1,1,0,0,1,0,0,OTHER,POL,DC,0,conser,FA,0
96-1613,1997,US,TAXP,1,1,1,1,1,1,1,1,1,US,OF,3rd,0,conser,TAX,1
96-1654,1997,AC,US,0,1,1,0,1,0,1,0,1,DEF,US,5th,0,conser,CP,1
96-1693,1997,NB,CC,1,0,1,1,1,1,1,1,1,OTHER,DEF,8th,0,liberal,CP,1
96-1768,1997,TV,NETWORK,0,0,0,0,0,0,0,0,0,BUSINESS,BUSINESS,9th,1,conser,ECN,0
96-1769,1997,OH COMN,CC,1,1,1,1,1,1,1,1,1,OTHER,DEF,6th,0,conser,DP,1
96-1829,1997,MT,INDIAN,1,1,1,1,1,1,1,1,1,STATE,INDIAN,9th,0,liberal,CR,1
96-1866,1997,STUDENT,TXSCHDIS,1,0,1,1,1,0,1,0,0,OTHER,OTHER,5th,0,conser,ECN,1
96-188,1997,ER,EE,0,0,0,0,0,0,0,0,0,ER,EE,11th,0,conser,JUD,0
96-1971,1997,CREDITOR,BANK,1,1,1,1,1,1,1,1,1,OTHER,BUSINESS,5th,1,liberal,CP,1
96-370,1997,EE TRUST,ER,0,0,0,0,0,0,0,0,0,OTHER,ER,9th,0,conser,ECN,0
96-568,1997,EE,ER,0,0,0,0,0,0,0,0,0,EE,ER,5th,0,conser,CR,0
96-643,1997,MFR,ENV,1,1,1,1,1,1,1,1,1,BUSINESS,OTHER,7th,0,liberal,JUD,1
96-670,1997,LA OF,VOTER,0,0,0,0,0,0,0,0,0,OF,POL,5th,1,liberal,CR,0
96-6839,1997,ALIEN,US,1,0,1,0,1,0,1,0,1,OTHER,US,5th,1,conser,CP,1
96-7151,1997,AC,US,0,0,0,0,1,0,0,0,0,DEF,US,5th,0,conser,CP,0
96-7171,1997,CC,MO,1,0,1,1,1,1,1,1,1,DEF,STATE,8th,1,conser,DP,1
96-7185,1997,D,US,1,1,1,1,1,1,1,1,1,DEF,US,7th,0,conser,CP,1
96-738,1997,TX OF,US,1,1,1,1,1,1,1,1,1,OF,US,5th,0,conser,CP,1
96-779,1997,NETWORK,POL,1,0,1,1,1,0,1,0,1,BUSINESS,POL,8th,0,liberal,FA,1
96-7901,1997,PRISONER,LA,0,0,0,0,0,0,0,0,0,DEF,STATE,5th,0,conser,JUD,0
96-792,1997,WA OF,ARRESTEE,0,0,0,0,0,0,0,0,0,OF,OTHER,9th,0,liberal,CP,0
96-795,1997,ER,NLRB,1,0,1,1,1,0,1,0,0,ER,OTHER,DC,0,liberal,UN,1
96-827,1997,PRISONER,US,1,0,1,1,0,0,1,0,0,DEF,US,DC,1,conser,FA,0
96-8400,1997,CC,VA,1,0,1,1,1,1,1,0,0,DEF,STATE,4th,1,conser,CP,1
96-8422,1997,AC,US,0,1,1,0,1,1,1,0,1,DEF,US,2nd,0,conser,CP,1
96-843,1997,BANK,BANK,1,0,0,1,1,0,1,1,0,BUSINESS,BUSINESS,DC,0,conser,ECN,1
96-8516,1997,AC,US,0,0,0,1,0,0,1,0,0,DEF,US,8th,1,conser,CP,0
96-8653,1997,D,MD,1,0,0,1,1,0,1,0,0,DEF,STATE,4th,1,conser,CP,0
96-871,1997,DISTRIBU,STORE,0,0,0,0,0,0,0,0,0,OTHER,BUSINESS,7th,0,conser,ECN,0
96-8732,1997,D,US,1,1,1,1,1,1,1,1,1,DEF,US,7th,1,conser,CP,1
96-8986,1997,PRISONER,US,1,0,1,1,0,0,1,0,0,DEF,US,8th,0,conser,JUD,0
96-910,1997,IL CITY,O,0,1,0,0,0,0,0,1,0,CITY,OTHER,7th,0,conser,JUD,0
96-957,1997,PIP,AL CITY,1,0,1,1,1,1,1,1,1,IP,CITY,11th,0,conser,DP,1
96-976,1997,AC,US,1,1,1,1,1,1,1,1,1,DEF,US,10th,0,conser,CP,1
97-115,1997,PIP,PHYSICIA,0,0,0,0,0,0,0,0,0,IP,OTHER,8th,0,liberal,ECN,0
97-1192,1997,ATTY,US,0,0,1,1,0,0,1,0,0,OTHER,US,DC,0,conser,JUD,0
97-147,1997,TAXP,IRS,0,0,0,0,0,0,0,0,0,OF,OTHER,3rd,0,liberal,TAX,0
97-16,1997,ENV,TIMBER C,1,1,1,1,1,1,1,1,1,OTHER,OTHER,6th,0,liberal,JUD,1
97-174,1997,MN COUNT,INDIAN,1,1,1,1,1,1,1,1,1,OTHER,INDIAN,8th,0,liberal,CR,1
97-215,1997,CA,CC,1,0,1,1,1,0,1,0,0,STATE,DEF,9th,0,liberal,JUD,1
97-282,1997,FEE,ER,0,0,0,1,0,0,1,0,0,EE,ER,11th,0,conser,CR,0
97-29,1997,TX,US,1,1,1,1,1,1,1,1,1,STATE,US,DC,0,conser,CR,1
97-300,1997,AZ,CC,0,0,0,1,0,0,1,0,0,STATE,DEF,9th,0,liberal,CP,0
97-371,1997,NEA,FILM,1,1,1,1,1,0,1,1,1,OTHER,OTHER,9th,0,liberal,FA,1
97-372,1997,US,TAXP,1,1,1,1,1,1,1,1,1,US,OF,FED,0,conser,TAX,1
97-391,1997,CA,PRISONER,1,1,1,1,1,1,1,1,1,STATE,DEF,9th,1,liberal,DP,1
97-42,1997,COAL CO,SSA,1,0,1,1,1,0,1,0,0,BUSINESS,OTHER,1st,1,liberal,DP,1
97-428,1997,UNION,EE,1,0,1,1,1,1,1,1,0,OTHER,EE,DC,0,conser,UN,1
97-454,1997,US,CHEM CO,0,0,0,0,0,0,0,0,0,US,BUSINESS,6th,0,conser,ECN,0
97-461,1997,WI DEPT,WI GOEE,0,0,0,0,0,0,0,0,0,OTHER,OTHER,7th,1,conser,JUD,0
97-463,1997,ER,UNION,1,1,1,1,1,1,1,1,1,ER,OTHER,3rd,0,liberal,UN,1
97-501,1997,IP,IL CITY,1,1,1,1,1,1,1,1,1,IP,CITY,7th,1,conser,CP,1
97-5310,1997,DEBTOR,BANK,1,1,1,1,1,1,1,1,1,OTHER,BUSINESS,11th,0,conser,ECN,1
97-569,1997,ER,FEE,0,0,0,1,0,0,1,0,0,ER,EE,7th,0,liberal,CR,0
97-5737,1997,DISABLED,SSA,0,0,0,0,0,0,0,0,0,OTHER,OTHER,9th,0,conser,JUD,0
97-581,1997,PA COMN,PROBATIO,1,0,1,1,1,0,1,0,0,OTHER,OTHER,3rd,0,liberal,CP,1
97-6146,1997,CC,CA,1,0,1,0,1,0,1,0,1,DEF,STATE,FED,1,conser,CP,1
97-6270,1997,CC,US,1,1,1,0,1,0,0,1,1,DEF,US,1st,0,conser,CP,1
97-634,1997,PA DEPT,PRISONER,0,0,0,0,0,0,0,0,0,OTHER,DEF,3rd,1,liberal,DP,0
97-643,1997,US,AC,0,0,0,0,0,0,0,0,0,US,DEF,8th,0,liberal,JUD,0
97-679,1997,PHONE,PHONE,0,1,9,0,0,0,0,0,0,BUSINESS,BUSINESS,9th,0,conser,ECN,0
97-689,1997,FEE,ER,0,0,0,0,0,0,0,0,0,EE,ER,8th,0,conser,ECN,0
97-704,1997,HEIR,AIRLINE,1,1,1,1,1,1,1,1,1,OTHER,BUSINESS,DC,0,conser,JUD,1
97-731,1997,US,O,1,1,1,1,1,1,1,1,1,US,OTHER,5th,0,liberal,JUD,1
97-873,1997,US,ALIEN,1,1,1,1,1,1,1,0,0,US,OTHER,2nd,0,liberal,CP,1
96-1570,1998,BUSINESS,SELLER,1,1,1,1,1,1,1,1,1,OTHER,OTHER,2nd,0,liberal,ECN,1
96-1793,1998,IASCHDIS,STUDENT,0,0,0,0,1,0,1,0,0,OTHER,OTHER,8th,0,liberal,CR,0
97-1008,1998,DISABLED,ER,0,0,0,0,0,0,0,0,0,OTHER,ER,5th,0,conser,CR,0
97-1056,1998,FEE,UNION,0,0,0,0,0,0,0,0,0,EE,OTHER,9th,0,liberal,UN,0
97-1121,1998,IL CITY,AC,1,0,0,1,0,0,1,0,0,CITY,DEF,7th,0,liberal,DP,0
97-1130,1998,INVENTOR,MFR,0,0,0,0,0,0,0,0,0,OTHER,BUSINESS,FED,0,liberal,ECN,0
97-1139,1998,US,D,0,1,0,1,0,0,0,0,0,US,DEF,3rd,0,conser,JUD,0
97-1147,1998,MN,AC,1,0,1,1,1,0,1,0,1,STATE,DEF,8th,0,liberal,CP,1
97-1184,1998,UNION,DOI,1,0,1,1,0,0,1,0,0,OTHER,OTHER,4th,0,conser,UN,0
97-1230,1998,CA CITY,O,0,0,0,0,0,0,0,0,0,CITY,OTHER,9th,0,conser,CP,0
97-1235,1998,CA CITY,O,1,1,1,1,1,1,1,1,1,CITY,OTHER,9th,0,conser,DP,1
97-1252,1998,AG,ALIEN,1,1,1,1,1,0,1,1,1,OTHER,OTHER,9th,0,liberal,JUD,1
97-1287,1998,ER,RETIREE,1,1,1,1,1,1,1,1,1,ER,OTHER,9th,0,liberal,ECN,1
97-1337,1998,MN,INDIAN,1,0,0,1,1,0,1,0,0,STATE,INDIAN,8th,0,liberal,CR,0
97-1396,1998,VOTER,CA COUNT,0,0,0,0,0,0,1,0,0,POL,OTHER,9th,0,conser,CR,0
97-1418,1998,CREDITOR,BANKRUPT,1,0,1,1,1,1,1,1,1,OTHER,OTHER,7th,0,liberal,ECN,1
97-1472,1998,EE,ER,0,0,0,0,0,0,0,0,0,EE,ER,11th,0,conser,JUD,0
97-1489,1998,HEAL,HHS,1,1,1,1,1,1,1,1,1,BUSINESS,OTHER,6th,0,conser,JUD,1
97-1536,1998,AZ DEPT,KOR,1,1,1,1,1,1,1,1,1,OTHER,BUSINESS,9th,0,liberal,CR,1
97-1625,1998,PHYSICIA,FTC,1,0,1,1,0,1,1,0,0,OTHER,OTHER,9th,0,liberal,ECN,1
97-1642,1998,ARMY,KOR,1,1,1,1,1,1,1,1,1,OTHER,BUSINESS,9th,0,liberal,ECN,1
97-1704,1998,PIP,MFR,1,0,1,1,1,1,1,1,0,IP,BUSINESS,5th,1,liberal,JUD,1
97-1709,1998,MFR,PIP,0,0,0,0,0,0,0,0,0,BUSINESS,IP,11th,0,conser,JUD,0
97-1754,1998,INS,ALIEN,1,1,1,1,1,1,1,1,1,OTHER,OTHER,9th,0,liberal,CR,1
97-1802,1998,CA OF,ATTY,1,1,1,1,1,1,1,1,1,OF,OTHER,9th,0,liberal,PRIV,1
97-1868,1998,INSURE,EE,0,0,0,0,0,0,0,0,0,BUSINESS,EE,9th,0,liberal,ECN,0
97-1909,1998,BUSINESS,FOREIGN,1,0,0,1,0,0,1,0,0,OTHER,OTHER,11th,0,conser,ECN,0
97-1927,1998,O,MT OF,1,0,1,1,1,1,1,1,1,OTHER,OF,9th,0,liberal,CP,1
97-1943,1998,EE,AIRLINE,1,0,1,1,1,1,1,1,0,EE,BUSINESS,10th,0,conser,CR,1
97-1985,1998,DEVELOPE,US,1,1,1,0,1,0,1,0,1,OTHER,US,11th,1,conser,CP,1
97-1992,1998,EE,ER,1,0,1,1,1,1,1,1,0,EE,ER,10th,0,conser,CR,1
97-2000,1998,INSURE,EE,1,0,1,1,1,1,1,1,1,BUSINESS,EE,3rd,0,liberal,JUD,1
97-2044,1998,US,SHIPPER,1,1,1,1,1,1,1,1,1,US,BUSINESS,FED,0,liberal,FED,1
97-2045,1998,PHONE,AL,1,1,1,1,1,1,1,1,1,BUSINESS,STATE,11th,1,liberal,DP,1
97-2048,1998,IL,CC,1,0,1,1,1,1,1,0,0,STATE,DEF,7th,0,liberal,JUD,1
97-303,1998,INSURE,MED CLAI,0,0,0,0,0,0,0,0,0,BUSINESS,OTHER,9th,0,liberal,ECN,0
97-475,1998,AIRLINE,IP,1,0,1,1,1,1,1,1,1,BUSINESS,IP,2nd,0,liberal,JUD,1
97-53,1998,PIP,HOSPITAL,0,0,0,0,0,0,0,0,0,IP,BUSINESS,6th,0,conser,JUD,0
97-6203,1998,AC,US,1,0,1,0,1,0,0,0,1,DEF,US,9th,1,conser,CP,0
97-7164,1998,AC,US,1,1,1,0,1,1,0,1,1,DEF,US,2nd,0,conser,CP,1
97-7213,1998,AC,NJ,1,1,1,1,1,1,1,1,1,DEF,STATE,3rd,0,conser,CP,1
97-7541,1998,CC,US,1,0,1,1,0,0,1,0,0,DEF,US,3rd,1,conser,CP,0
97-7597,1998,AC,IA,0,0,0,0,0,0,0,0,0,DEF,STATE,8th,1,conser,CP,0
97-826,1998,PHONE,IA COMN,1,1,9,1,1,0,1,1,1,BUSINESS,OTHER,8th,0,liberal,ECN,1
97-843,1998,STUDENT,GASCHDIS,1,0,0,1,1,0,1,0,0,OTHER,OTHER,11th,0,conser,CR,0
97-8629,1998,AC,US,0,0,1,0,1,0,0,1,0,DEF,US,7th,1,conser,CP,0
97-889,1998,EE,UNION,0,0,0,0,0,0,0,0,0,EE,OTHER,4th,0,conser,UN,0
97-9217,1998,CC,US,1,1,1,1,1,1,1,1,1,DEF,US,3rd,0,conser,CP,1
97-930,1998,CO OF,PI,1,0,1,0,0,0,0,0,1,OF,BUSINESS,10th,0,liberal,FA,0
97-9361,1998,CC,US,1,0,1,1,1,0,1,0,0,DEF,US,5th,1,conser,CP,1
98-10,1998,AL COUNT,US JUDGE,1,1,0,1,1,1,1,1,0,OTHER,OTHER,11th,0,liberal,JUD,1
98-131,1998,US,FARMER,1,1,1,1,1,1,1,1,1,US,BUSINESS,DC,0,conser,ECN,1
98-149,1998,BANK,FL COMN,1,0,1,1,1,0,1,0,0,BUSINESS,OTHER,3rd,0,conser,JUD,1
98-184,1998,WY,AC,1,0,1,1,1,0,1,0,1,STATE,DEF,10th,1,liberal,CP,1
98-208,1998,FEE,HEAL,1,0,1,1,1,0,1,0,0,EE,BUSINESS,DC,0,conser,ECN,1
98-223,1998,FL,AC,1,0,1,1,1,1,1,0,1,STATE,DEF,11th,0,liberal,CP,1
98-231,1998,DEBTOR,CREDITOR,1,0,1,1,1,0,1,0,0,OTHER,OTHER,2nd,0,liberal,JUD,1
98-238,1998,VTAD,US GOEE,1,0,0,1,1,0,1,0,0,OTHER,EE,7th,0,conser,CR,0
98-347,1998,US OF,MIL,1,1,1,1,1,1,1,1,1,OF,OTHER,FED,0,liberal,JUD,1
98-369,1998,NASA,FLRA,1,0,1,1,0,0,1,0,0,OTHER,OTHER,11th,0,liberal,TAX,0
98-377,1998,PATO,INVENTOR,0,1,1,1,0,1,1,0,1,OTHER,OTHER,FED,0,liberal,JUD,1
98-387,1998,NETWORK,US,0,0,0,0,0,0,0,0,0,BUSINESS,US,5th,1,conser,FA,0
98-436,1998,ME GOEE,ME,1,0,1,1,1,0,1,0,0,EE,STATE,1st,0,conser,UN,1
98-470,1998,FOREIGN,OIL CO,0,0,0,0,0,0,0,0,0,OTHER,BUSINESS,5th,0,conser,JUD,0
98-531,1998,FL COMN,BANK,1,0,1,1,1,0,1,0,0,OTHER,BUSINESS,FED,1,liberal,ECN,1
98-536,1998,GA OF,RETARDED,1,0,0,1,0,0,1,0,0,OF,OTHER,11th,1,liberal,CR,0
98-5864,1998,AC,VA,1,1,1,1,0,0,1,1,1,DEF,STATE,4th,1,conser,CP,1
98-5881,1998,AC,VA,0,0,0,0,0,0,0,0,0,DEF,STATE,4th,1,conser,DP,0
98-591,1998,ER,EE,1,0,1,1,1,1,1,1,0,ER,EE,9th,0,liberal,CR,1
98-6,1998,MINE,INDIAN,1,1,1,1,1,1,1,1,1,BUSINESS,INDIAN,9th,0,liberal,CR,1
98-727,1998,ATTY,OH COUNT,1,1,1,1,1,1,1,1,1,OTHER,OTHER,6th,0,conser,JUD,1
98-822,1998,ENV,O,0,0,0,1,0,0,1,0,0,OTHER,OTHER,4th,0,conser,JUD,0
98-83,1998,PARENT,US OF,1,0,1,1,1,1,1,1,1,OTHER,OF,4th,0,conser,CP,1
98-830,1998,OIL CO,INDIAN,1,1,1,1,1,1,1,0,9,BUSINESS,INDIAN,10th,0,liberal,CR,1
98-84,1998,PRO,STUDENT,1,1,1,1,1,1,1,1,1,BUSINESS,OTHER,3rd,0,liberal,CR,1
98-85,1998,NC OF,VOTER,0,0,0,0,0,0,0,0,0,OF,POL,4th,1,conser,CR,0
98-97,1998,CA DEPT,NONRES,1,0,0,0,0,0,1,0,0,OTHER,OTHER,9th,0,liberal,CR,0
98-1036,1999,IL,AC,1,0,1,1,1,0,1,0,0,STATE,DEF,7th,0,liberal,CP,1
98-1037,1999,CA,CC,1,0,1,1,1,0,1,0,0,STATE,DEF,9th,0,liberal,DP,1
98-1101,1999,TAXP,US,0,0,0,0,0,0,0,0,0,OF,US,8th,0,liberal,TAX,0
98-1109,1999,HHS,HEAL,1,0,1,0,0,1,0,1,1,OTHER,BUSINESS,7th,0,liberal,JUD,1
98-1152,1999,FDA,MFR,1,0,1,1,1,0,1,0,0,OTHER,BUSINESS,4th,0,conser,ECN,1
98-1161,1999,PA CITY,THEATER,1,0,1,1,1,0,1,0,1,CITY,BUSINESS,3rd,0,liberal,FED,1
98-1167,1999,TX GOEE,TX COUNT,1,0,1,1,1,1,1,0,0,EE,OTHER,5th,0,conser,UN,1
98-1170,1999,NY,AC,1,1,1,1,1,0,1,0,1,STATE,DEF,2nd,0,liberal,CP,1
98-1189,1999,WI U,STUDENT,1,1,1,1,1,1,1,1,1,OTHER,OTHER,7th,0,liberal,FA,1
98-1255,1999,US,AC,1,1,1,1,1,1,1,1,1,US,DEF,9th,0,liberal,CP,1
98-1288,1999,IL CITY,O,0,0,0,0,0,0,0,0,0,CITY,OTHER,7th,0,liberal,JUD,0
98-1299,1999,NY,PRISONER,1,1,1,1,1,1,1,1,1,STATE,DEF,2nd,0,liberal,CP,1
98-1441,1999,CA,CC,1,0,1,1,1,0,1,0,1,STATE,DEF,9th,0,liberal,CP,1
98-1464,1999,AG,SC OF,0,0,0,0,0,0,0,0,0,OTHER,OF,4th,0,conser,FED,0
98-1480,1999,MGMT,MGMT,1,0,1,1,1,0,1,1,1,BUSINESS,BUSINESS,11th,0,conser,CP,1
98-1648,1999,LA OF,LA TAXP,1,0,1,1,1,0,1,0,1,OF,OF,5th,0,liberal,FA,1
98-1667,1999,TAXP,US,0,0,0,0,0,0,0,0,0,OF,US,DC,0,liberal,TAX,0
98-1682,1999,US,CABLE TV,1,0,1,1,0,0,0,0,1,US,BUSINESS,3rd,0,liberal,ECN,0
98-1696,1999,US,PRISONER,1,1,1,1,1,1,1,1,1,US,DEF,6th,0,liberal,CP,1
98-1701,1999,US,WA OF,0,0,0,0,0,0,0,0,0,US,OTHER,9th,0,conser,FED,0
98-1811,1999,PIP,MOTOR CO,0,1,0,0,0,1,1,1,0,IP,BUSINESS,DC,0,liberal,FED,0
98-1828,1999,VT DEPT,US,0,0,0,0,0,0,0,0,0,OTHER,US,2nd,1,conser,CP,0
98-1856,1999,PROT,CO,0,0,0,1,1,0,1,0,0,OTHER,STATE,10th,1,liberal,FA,0
98-1949,1999,HEAL,MED CLAI,1,1,1,1,1,1,1,1,1,BUSINESS,OTHER,7th,0,liberal,ECN,1
98-1960,1999,BUSINESS,BUSINESS,0,0,0,0,0,0,0,0,0,OTHER,OTHER,11th,0,conser,ECN,0
98-1991,1999,FARMER,DOI,0,0,0,0,0,0,0,0,0,BUSINESS,OTHER,10th,0,liberal,ECN,0
98-1993,1999,FL,AC,0,0,0,0,0,0,0,0,0,STATE,DEF,11th,0,liberal,CP,0
98-2043,1999,CA TAXP,CA COMN,1,1,1,1,1,1,1,1,1,OF,OTHER,9th,1,liberal,FED,1
98-2060,1999,OH,CC,1,0,1,1,1,1,1,1,0,STATE,DEF,6th,0,liberal,CR,1
98-405,1999,AG,LASCHDIS,1,0,1,1,1,0,1,0,0,OTHER,OTHER,DC,1,conser,CR,1
98-6322,1999,PRISONER,NV,0,0,0,1,0,0,1,0,0,DEF,STATE,9th,1,conser,CP,0
98-678,1999,CA CITY,PUBLISHE,1,0,1,1,0,1,1,1,1,CITY,OTHER,9th,0,liberal,FA,1
98-7540,1999,AC,TX,1,0,1,0,1,0,0,1,0,DEF,STATE,5th,1,conser,CP,0
98-7809,1999,AC,CA COURT,1,1,1,1,1,1,1,1,1,DEF,OTHER,9th,1,conser,DP,1
98-791,1999,FL GOEE,FL U,1,0,1,1,1,0,1,0,0,EE,OTHER,11th,1,conser,CR,1
98-818,1999,VOTER,HI,1,0,1,1,1,1,1,0,1,POL,STATE,9th,1,liberal,CR,1
98-8384,1999,CC,VA,1,0,0,1,0,0,1,0,0,DEF,STATE,4th,0,conser,CR,0
98-896,1999,PATIENT,PHYSICIA,1,1,1,1,1,1,1,1,1,OTHER,OTHER,5th,0,conser,ECN,1
98-9349,1999,AC,US,0,0,0,1,0,0,0,0,1,DEF,US,5th,1,conser,CP,0
98-963,1999,MO OF,POL,0,0,0,1,1,0,1,0,0,OF,POL,8th,0,conser,FA,0
98-9828,1999,AC,US,1,0,1,1,1,0,1,0,0,DEF,US,9th,1,conser,CP,1
99--224,1999,IN,PRISONER,1,0,1,1,1,0,1,0,0,STATE,DEF,7th,0,liberal,JUD,1
99-116,1999,MGMT,US,0,0,0,1,0,0,1,0,0,BUSINESS,US,11th,1,liberal,CR,0
99-137,1999,GA,CC,1,0,1,1,1,0,1,0,1,STATE,DEF,11th,0,liberal,FA,1
99-138,1999,PARENT,MOTHER,0,1,0,1,1,0,0,0,0,OTHER,OTHER,9th,1,liberal,PRIV,0
99-150,1999,STORE,MFR,0,0,0,0,0,0,0,0,0,BUSINESS,BUSINESS,2nd,0,conser,ECN,0
99-161,1999,PIP,MFR,1,1,1,1,1,1,1,1,1,IP,BUSINESS,8th,1,conser,JUD,1
99-166,1999,US,AC,1,0,0,0,0,0,0,0,0,US,DEF,DC,0,liberal,CP,0
99-244,1999,OIL CO,US,1,0,1,1,1,9,1,1,1,BUSINESS,US,FED,0,liberal,ECN,1
99-312,1999,RR,PIP,1,0,1,1,1,1,1,0,1,BUSINESS,IP,6th,0,liberal,ECN,1
99-387,1999,BANKRUPT,IL DEPT,1,1,1,1,1,1,1,1,1,OTHER,OTHER,7th,0,liberal,ECN,1
99-401,1999,POL,CA OF,0,1,0,0,0,0,0,1,0,POL,OF,9th,1,conser,FA,0
99-409,1999,INSURE,CREDITOR,0,0,0,0,0,0,0,0,0,BUSINESS,OTHER,8th,1,liberal,JUD,0
99-474,1999,MA OF,BUSINESS,0,0,0,0,0,0,0,0,0,OF,OTHER,1st,0,liberal,FED,0
99-478,1999,AC,NJ,1,0,1,0,1,0,0,0,1,DEF,STATE,3rd,1,conser,DP,0
99-5,1999,US,STUDENT,1,0,1,1,1,0,1,0,0,US,OTHER,4th,0,conser,JUD,1
99-502,1999,BUSINESS,BUSINESS,0,0,0,0,0,0,0,0,0,OTHER,OTHER,6th,0,conser,AT,0
99-51,1999,POL,VOTER,0,0,0,0,0,0,0,0,0,POL,POL,9th,0,conser,CR,0
99-5153,1999,PROBATIO,US,1,1,1,0,1,1,1,1,1,OTHER,US,6th,0,conser,CP,1
99-536,1999,EE,ER,0,0,0,0,0,0,0,0,0,EE,ER,5th,0,conser,CR,0
99-5525,1999,AC,US,0,0,0,1,0,0,1,0,0,DEF,US,4th,1,conser,CP,0
99-5716,1999,AC,US,1,0,1,1,1,0,1,0,0,DEF,US,3rd,0,conser,CP,1
99-5739,1999,AC,US,0,0,0,0,0,0,0,0,0,DEF,US,7th,1,conser,FED,0
99-5746,1999,CC,VA,1,0,1,1,1,0,1,0,0,DEF,STATE,4th,1,conser,CP,1
99-579,1999,EE TRUST,BROKER,0,0,0,0,0,0,0,0,0,OTHER,BUSINESS,7th,0,conser,ECN,0
99-62,1999,TXSCHDIS,STUDENT,1,0,0,1,0,0,1,0,0,OTHER,OTHER,5th,1,liberal,FA,0
99-658,1999,AC,US,0,0,0,0,0,0,0,0,0,DEF,US,5th,1,conser,CP,0
99-6615,1999,CC,VA,0,0,0,0,0,0,0,0,0,DEF,STATE,4th,0,conser,CP,0
99-699,1999,PRO,GAY,1,0,1,1,1,0,1,0,0,BUSINESS,OTHER,3rd,1,liberal,FA,1
99-7000,1999,CC,VA,1,0,1,1,1,0,1,0,0,DEF,STATE,4th,1,conser,DP,1
99-830,1999,NB OF,PHYSICIA,1,0,0,1,1,0,1,0,0,OF,OTHER,8th,0,liberal,PRIV,0
00-1011,2000,ALIEN I,INS,1,0,1,1,0,0,1,0,0,OTHER,OTHER,2nd,1,conser,JUD,0
00-121,2000,NY,CC,1,1,1,1,1,1,1,0,0,STATE,DEF,2nd,0,liberal,JUD,1
00-151,2000,US,HEAL,1,1,1,1,1,1,1,1,9,US,BUSINESS,9th,0,liberal,CP,1
00-152,2000,CA OF,KOR,1,1,1,1,1,1,1,1,1,OF,BUSINESS,9th,0,liberal,JUD,1
00-157,2000,TAXP,US,1,0,1,1,1,1,1,1,1,OF,US,4th,0,liberal,TAX,1
00-189,2000,ID,US,1,0,0,1,1,0,1,0,0,STATE,US,9th,0,liberal,CR,0
00-191,2000,FEC,POL,1,0,0,1,1,0,1,0,0,OTHER,POL,10th,0,conser,FA,0
00-201,2000,PUBLISHE,AUTHOR,0,1,0,0,0,0,0,0,1,OTHER,OTHER,2nd,0,liberal,ECN,0
00-203,2000,US,TAXP,0,0,0,0,0,0,0,0,0,US,OF,6th,0,conser,ECN,0
00-24,2000,PRO,HANDICAP,0,0,0,1,0,0,1,0,0,BUSINESS,OTHER,9th,0,liberal,CR,0
00-276,2000,DOA,FARMER,0,0,1,0,0,0,0,1,1,OTHER,BUSINESS,6th,0,liberal,ECN,0
00-292,2000,BUILDER,INDIAN,1,1,1,1,1,1,1,1,1,BUSINESS,INDIAN,10th,0,liberal,ECN,1
00-346,2000,KOR,PIP,0,0,0,0,0,0,0,0,0,BUSINESS,IP,4th,0,liberal,JUD,0
00-347,2000,FOREIGN,CABLE TV,0,0,0,0,0,0,0,0,0,OTHER,BUSINESS,10th,0,liberal,ECN,0
00-391,2000,FL,AC,0,0,0,0,0,0,0,0,0,STATE,DEF,11th,0,conser,CP,0
00-454,2000,BUSINESS,INDIAN,1,1,1,1,1,1,1,1,1,OTHER,INDIAN,10th,0,liberal,CR,1
00-492,2000,AL,PRISONER,0,0,0,0,0,0,0,0,0,STATE,DEF,11th,0,liberal,JUD,0
00-5250,2000,CC,SC,0,0,0,1,0,0,1,0,0,DEF,STATE,4th,1,conser,CP,0
00-549,2000,BUSINESS,EE,1,1,1,1,1,1,1,1,1,OTHER,EE,2nd,0,conser,ECN,1
00-596,2000,MFR,MA OF,0,1,0,0,0,1,0,1,1,BUSINESS,OF,1st,1,conser,FA,0
00-5961,2000,CC,LA,1,0,1,1,1,0,1,0,0,DEF,STATE,5th,0,conser,CP,1
00-6374,2000,PRISONER,OH OF,0,0,0,0,0,0,0,0,0,DEF,OF,6th,0,conser,JUD,0
00-6677,2000,AC,TX,1,0,0,1,0,0,1,0,0,DEF,STATE,5th,1,conser,DP,0
00-763,2000,FEE,ER,0,0,9,0,0,0,0,0,0,EE,ER,6th,0,conser,JUD,0
00-767,2000,INS,ALIEN,1,0,1,1,0,0,1,0,0,OTHER,OTHER,2nd,0,liberal,JUD,0
00-836,2000,POL,FL NONMU,1,1,1,1,1,1,1,1,1,POL,OTHER,11th,1,liberal,DP,1
00-949,2000,POL,POL,1,0,1,1,1,0,1,0,0,POL,POL,11th,1,liberal,DP,1
98-1768,2000,MFR,PIP,0,0,0,0,0,0,0,0,0,BUSINESS,IP,3rd,0,liberal,ECN,0
98-942,2000,AC,PA,0,0,0,0,0,0,0,0,0,DEF,STATE,3rd,1,conser,CP,0
99-1030,2000,IN CITY,PP,1,0,0,1,0,0,1,0,0,CITY,OTHER,7th,0,liberal,CP,0
99-1038,2000,ER,UNIN,0,0,0,0,0,0,0,0,0,ER,OTHER,4th,0,liberal,UN,0
99-1132,2000,IL,AC,1,0,1,1,1,1,1,1,1,STATE,DEF,7th,0,liberal,CP,1
99-1178,2000,IL CITY,ARMY,1,0,1,1,1,0,1,0,0,CITY,OTHER,7th,0,liberal,FED,1
99-1185,2000,WA OF,ICMP,1,0,1,1,1,1,1,1,1,OF,OTHER,9th,1,liberal,CP,1
99-1238,2000,NY,D,0,0,0,0,0,0,0,0,0,STATE,DEF,2nd,0,liberal,CP,0
99-1257,2000,EPA,TRUCK,0,0,0,0,0,0,0,0,0,OTHER,BUSINESS,DC,0,conser,ECN,0
99-1295,2000,TAXP,IRS,1,1,1,1,1,1,1,1,0,OF,OTHER,10th,0,liberal,TAX,1
99-1379,2000,ER,EE,1,0,1,1,1,0,1,0,0,ER,EE,9th,0,liberal,UN,1
99-1408,2000,AC,TX,1,0,0,1,1,1,1,0,0,DEF,STATE,5th,1,conser,JUD,1
99-1434,2000,US,SHIPPER,0,0,0,1,0,0,0,0,0,US,BUSINESS,FED,0,liberal,FED,0
99-1529,2000,WIFE,HEIR,0,1,0,0,0,0,0,0,1,OTHER,OTHER,9th,0,conser,ECN,0
99-1551,2000,BUSINESS,AIRLINE,0,0,0,0,0,0,0,0,0,OTHER,BUSINESS,4th,0,conser,JUD,0
99-1571,2000,MFR,MFR,0,0,0,0,0,0,0,0,0,BUSINESS,BUSINESS,6th,1,conser,ECN,0
99-1613,2000,MT,PRISONER,1,1,1,1,1,1,1,1,1,STATE,DEF,9th,0,liberal,DP,1
99-1680,2000,BOOK,WI CITY,1,1,1,1,1,1,1,1,1,BUSINESS,CITY,FED,1,conser,FA,1
99-1687,2000,PA GOEE,REPORTER,1,0,0,1,0,0,1,0,0,EE,OTHER,3rd,0,liberal,CP,0
99-1702,2000,TX,CC,1,0,1,1,1,0,1,0,0,STATE,DEF,5th,0,liberal,CR,1
99-1792,2000,MO OF,BANK,0,0,0,0,0,0,0,0,0,OF,BUSINESS,8th,0,conser,ECN,0
99-1815,2000,NLRB,HEAL,1,0,1,1,1,0,1,0,0,OTHER,BUSINESS,6th,0,conser,JUD,1
99-1848,2000,HEAL,WV DEPT,1,0,1,1,1,0,1,0,0,BUSINESS,OTHER,4th,0,conser,AT,1
99-1864,2000,NC OF,VOTER,1,0,0,1,1,0,1,0,0,OF,POL,4th,0,conser,JUD,0
99-1871,2000,DOI,FARMER,1,1,1,1,1,1,1,1,1,OTHER,BUSINESS,9th,0,conser,PRIV,1
99-1884,2000,PA,CC,1,0,1,1,1,0,1,0,0,STATE,DEF,3rd,0,liberal,JUD,1
99-1908,2000,AL OF,ALIEN,1,0,1,1,1,0,1,0,0,OF,OTHER,11th,0,liberal,JUD,1
99-1977,2000,PRISONER,PA,1,1,1,1,1,1,1,1,1,DEF,STATE,3rd,0,conser,JUD,1
99-1978,2000,MILITARY,PROT,1,1,1,1,1,1,1,1,1,OTHER,OTHER,5th,0,liberal,FA,1
99-1994,2000,US,US JUDGE,0,9,9,1,0,0,1,0,0,US,OTHER,FED,0,conser,TAX,0
99-2035,2000,NV,INDIAN,1,1,1,1,1,1,1,1,1,STATE,INDIAN,9th,0,liberal,CR,1
99-2036,2000,MFR,MFR,1,1,1,1,1,1,1,0,1,BUSINESS,BUSINESS,9th,1,liberal,DP,1
99-2047,2000,CHURCH,NYSCHDIS,1,0,1,1,1,0,1,0,1,OTHER,OTHER,2nd,0,liberal,FA,1
99-2071,2000,DEVELOPE,RI,1,0,1,1,1,0,1,0,0,OTHER,STATE,1st,1,liberal,CR,1
99-603,2000,CHILD,INS,1,1,0,1,1,0,1,0,0,OTHER,OTHER,5th,1,conser,CP,1
99-6218,2000,LSC,ATTY,1,0,1,1,0,0,1,0,0,OTHER,OTHER,2nd,0,liberal,FA,0
99-7504,2000,AC,TN,1,0,1,0,1,1,0,1,0,DEF,STATE,6th,1,conser,CP,1
99-7791,2000,PRISONER,US,0,0,1,1,0,1,1,1,1,DEF,US,8th,0,conser,CP,1
99-804,2000,ALIEN,INS,1,0,0,1,1,0,1,0,0,OTHER,OTHER,5th,0,conser,DP,0
99-8508,2000,LICENSE,US,1,1,1,1,1,1,1,1,9,OTHER,US,5th,0,liberal,CP,1
99-8576,2000,O,US,1,1,1,0,1,0,0,0,0,OTHER,US,9th,1,conser,CP,0
99-859,2000,CC,US,0,0,0,0,0,0,0,0,0,DEF,US,7th,1,conser,CP,0
99-901,2000,FARMER,US,0,0,0,0,0,0,0,0,0,BUSINESS,US,9th,0,conser,ECN,0
99-9073,2000,SCHOOL,PRO,1,0,0,1,1,0,1,0,0,OTHER,BUSINESS,6th,0,conser,JUD,0
99-9136,2000,CC,US,1,1,1,1,1,1,1,1,1,DEF,US,7th,0,conser,CP,1
99-929,2000,CC,CA,1,0,1,1,1,0,1,0,0,DEF,STATE,9th,1,conser,CP,1
99-936,2000,MO OF,POL,0,0,0,0,0,0,0,0,0,OF,POL,8th,0,liberal,FA,0
00-1021,2000,MOTHER,SC CITY,1,0,0,1,0,0,1,0,0,OTHER,CITY,4th,1,conser,CP,0
00-1045,2001,INSURE,MED CLAI,0,1,1,0,0,1,0,1,1,BUSINESS,OTHER,7th,0,liberal,ECN,1
00-10666,2001,CREDITOR,CONSUMER,1,1,1,1,1,1,1,1,1,OTHER,OTHER,9th,0,liberal,PRIV,1
00-1072,2001,CC,US,1,0,1,1,1,0,0,0,1,DEF,US,4th,1,conser,CP,1
00-1073,2001,EE,SCHOOL,0,0,0,0,0,0,0,0,0,EE,OTHER,4th,0,conser,JUD,0
00-1089,2001,OKSCHDIS,STUDENT,1,1,1,1,1,1,1,1,1,OTHER,OTHER,10th,0,liberal,PRIV,1
00-1167,2001,MOTOR CO,FEE,1,1,1,1,1,1,1,1,1,BUSINESS,EE,6th,0,liberal,CR,1
00-1187,2001,0,IC,1,0,0,1,0,0,1,0,0,OTHER,OTHER,9th,1,liberal,DP,0
00-1214,2001,KS,PRISONER,1,0,1,1,1,0,1,0,0,STATE,DEF,10th,0,liberal,CP,1
00-1249,2001,AL,D,1,0,0,1,1,0,1,0,0,STATE,DEF,11th,0,liberal,CP,0
00-1250,2001,PI,IL CITY,1,1,1,1,1,1,1,1,1,BUSINESS,CITY,7th,1,conser,FA,1
00-1260,2001,AIRLINE,EE,1,1,1,1,1,0,1,0,1,BUSINESS,EE,9th,0,liberal,CR,1
00-1293,2001,US,PROBATIO,1,1,1,1,1,1,1,1,1,US,OTHER,9th,0,liberal,CP,1
00-1307,2001,AG,PI,1,0,1,1,1,1,1,1,1,OTHER,BUSINESS,3rd,0,liberal,FA,1
00-1406,2001,SSA,COAL CO,1,0,0,1,1,1,1,1,0,OTHER,BUSINESS,4th,0,conser,CR,1
00-1514,2001,ER,DISABLED,1,1,1,1,1,1,1,1,1,ER,OTHER,9th,0,liberal,CR,1
00-1519,2001,MN GREE,MN U,1,0,1,1,1,0,1,1,0,OTHER,OTHER,8th,1,conser,CR,1
00-1531,2001,US,AC,1,1,1,1,1,1,1,1,1,US,DEF,9th,0,liberal,CP,1
00-1543,2001,PHONE,MD COMN,0,0,9,0,0,0,0,0,0,BUSINESS,OTHER,4th,0,conser,JUD,0
00-1567,2001,MFR,MFR,1,1,1,1,1,1,1,1,1,BUSINESS,BUSINESS,FED,0,liberal,ECN,1
00-1595,2001,TAXP,US,0,0,0,0,0,0,0,0,0,OF,US,1st,0,liberal,ECN,0
00-1614,2001,ER,NLRB,1,0,1,1,1,0,1,0,0,ER,OTHER,DC,0,liberal,CR,1
00-1737,2001,AMTRAK,MEE,1,0,1,1,1,0,0,0,0,OTHER,EE,9th,0,liberal,JUD,0
00-1751,2001,CHURCH,OH CITY,1,0,0,0,0,0,0,0,0,OTHER,CITY,6th,1,conser,FA,0
00-1770,2001,OH BD ED,OH TAXP,1,0,1,1,1,0,1,0,0,OTHER,OTHER,6th,0,liberal,FA,1
00-1831,2001,HUD,POOR,1,1,1,1,1,1,1,1,9,OTHER,OTHER,9th,0,liberal,DP,1
00-1853,2001,US,TAXP,0,1,0,1,0,0,1,0,0,US,OF,6th,0,conser,TAX,0
00-1937,2001,EE,INSURE,0,0,0,0,0,0,0,0,0,EE,BUSINESS,2nd,0,conser,CR,0
00-507,2001,SSA,DISABLED,1,1,1,1,1,1,1,1,1,OTHER,OTHER,4th,0,liberal,CR,1
00-568,2001,INDIAN,US,1,1,0,1,1,0,1,1,1,INDIAN,US,10th,0,conser,CR,1
00-6029,2001,NY,FERC,1,1,1,0,0,1,0,1,1,STATE,OTHER,DC,0,conser,ECN,1
00-6567,2001,FEE,ER,0,0,1,0,0,1,0,1,1,EE,ER,8th,0,liberal,UN,0
00-6933,2001,PRISONER,US,1,0,1,1,1,0,1,0,0,DEF,US,6th,1,conser,DP,1
00-730,2001,AC,MO,0,0,0,9,9,0,9,0,0,DEF,STATE,8th,1,conser,DP,0
00-758,2001,KOR,DOT,1,1,1,1,1,1,1,1,1,BUSINESS,OTHER,10th,0,conser,JUD,1
00-795,2001,USPS,GOEE,1,1,1,1,1,1,1,1,1,OTHER,EE,FED,0,liberal,DP,1
00-799,2001,AG,PUBLISHE,1,0,1,1,0,0,0,0,0,OTHER,OTHER,9th,0,liberal,FA,0
00-832,2001,CA CITY,BOOK,1,0,1,1,1,0,1,0,0,CITY,BUSINESS,9th,0,liberal,JUD,1
00-8452,2001,CABLE TV,PU,1,1,1,1,1,0,0,1,1,BUSINESS,BUSINESS,11th,0,conser,ECN,1
00-853,2001,CC,VA,1,0,0,1,0,0,1,0,0,DEF,STATE,4th,1,conser,CP,0
00-860,2001,CT OF,PRISONER,1,1,1,1,1,1,1,1,1,OTHER,DEF,2nd,0,liberal,DP,1
00-927,2001,KOR,PRISONER,1,0,1,1,1,0,1,0,0,BUSINESS,DEF,2nd,0,liberal,JUD,1
00-9280,2001,LABR,BOAT,0,0,0,9,0,0,0,0,0,OTHER,BUSINESS,5th,0,conser,UN,0
00-9285,2001,CC,SC,1,0,0,1,1,0,1,0,0,DEF,STATE,4th,1,conser,CP,0
00-952,2001,CC,VA,1,0,1,1,1,0,1,0,0,DEF,STATE,4th,1,conser,CP,1
00-957,2001,WI DEPT,MED CLAI,1,0,0,0,1,1,1,1,1,OTHER,OTHER,FED,0,liberal,CR,1
00-973,2001,KS,ICMP,0,0,0,1,0,0,1,0,0,STATE,OTHER,10th,0,liberal,CP,0
01-131,2001,US,AC,1,0,1,1,1,1,1,1,1,US,DEF,9th,0,liberal,CP,1
01-147,2001,D1SABLED,SSA,0,0,0,1,0,0,0,0,0,OTHER,OTHER,9th,1,conser,AT,0
01-298,2001,SEC,BROKER,0,0,0,0,0,0,0,0,0,OTHER,BUSINESS,4th,0,conser,ECN,0
01-301,2001,GA GOEE,GA U,0,0,0,0,0,0,0,0,0,OTHER,OTHER,11th,1,conser,ECN,0
01-309,2001,CA,PRISONER,1,0,0,1,1,0,1,0,0,STATE,DEF,9th,1,liberal,CP,0
01-332,2001,PRISONER,AL OF,1,0,0,1,0,0,1,0,0,DEF,OF,11th,0,conser,ECN,0
01-344,2001,OKSCHDIS,STUDENT,1,0,0,1,1,0,1,0,1,OTHER,OTHER,10th,0,liberal,CP,1
01-394,2001,HHS,DRUGGIST,1,1,0,0,0,0,0,1,1,OTHER,OTHER,9th,0,liberal,ECN,0
01-400,2001,DOS,WIFE,1,1,1,1,1,1,1,1,1,OTHER,OTHER,DC,1,liberal,PRIV,1
01-408,2001,TN,CC,1,0,1,1,1,1,1,1,1,STATE,DEF,6th,1,liberal,JUD,1
01-417,2001,MFR,MFR,1,1,1,1,1,1,1,1,1,BUSINESS,BUSINESS,FED,1,liberal,JUD,1
01-419,2001,RETIREE,EE TRUST,0,0,0,1,1,0,1,0,0,OTHER,OTHER,4th,0,conser,JUD,0
01-455,2001,OH CITY,TRUCK,1,1,0,0,1,1,1,1,1,CITY,BUSINESS,6th,1,conser,JUD,1
Jan-46,2001,0,US,0,0,0,0,0,0,0,0,0,OTHER,US,FED,1,conser,JUD,0
01-463,2001,FMC,SC COMN,1,0,1,1,1,0,1,0,0,OTHER,OTHER,4th,0,conser,JUD,1
01-488,2001,US,RESTRANT,0,0,0,1,0,1,1,0,0,US,BUSINESS,9th,0,conser,TAX,0
01-518,2001,CC,AZ,1,0,1,0,0,0,0,0,0,DEF,STATE,9th,0,conser,CP,0
01-521,2001,BUILDER,NLRB,1,1,1,1,1,1,1,1,1,BUSINESS,OTHER,9th,0,liberal,ECN,1
01-584,2001,POL,MN COMN,0,1,0,0,0,1,0,1,1,POL,OTHER,8th,1,conser,FA,0
01-595,2001,EE,ELEC PU,1,1,1,1,1,1,1,1,1,EE,OTHER,11th,0,conser,CR,1
01-631,2001,US,CC,1,1,1,1,1,1,1,1,1,US,DEF,9th,0,liberal,CP,1
01-651,2001,US,AC,1,0,1,1,1,0,1,0,1,US,DEF,11th,0,liberal,CP,1
01-679,2001,BANK,FOREIGN,0,0,0,0,0,0,0,0,0,BUSINESS,OTHER,2nd,0,conser,CR,0
01-682,2001,SCHOOL,STUDENT,1,0,1,1,1,1,1,0,1,OTHER,OTHER,9th,1,liberal,PRIV,1
01-687,2001,MO OF,DISABLED,1,1,1,1,1,1,1,1,1,OF,OTHER,8th,0,liberal,JUD,1
99-1786,2001,US,AC,1,1,1,1,1,1,1,1,1,US,DEF,4th,1,liberal,CP,1
99-1823,2001,INSURE,EE,1,0,1,1,1,0,1,0,0,BUSINESS,EE,9th,0,conser,JUD,1
99-1996,2001,EEOC,ER,1,0,0,1,0,0,1,0,0,OTHER,ER,4th,0,conser,UN,0
,2001,BUYER,SELLER,1,0,9,1,1,1,1,1,0,OTHER,OTHER,FED,0,conser,ECN,1
